-- phpMyAdmin SQL Dump
-- version 4.0.10deb1
-- http://www.phpmyadmin.net
--
-- โฮสต์: localhost
-- เวลาในการสร้าง: 02 ก.ย. 2015  14:08น.
-- เวอร์ชั่นของเซิร์ฟเวอร์: 5.5.44-0ubuntu0.14.04.1
-- รุ่นของ PHP: 5.5.9-1ubuntu4.11

SET SQL_MODE = "NO_AUTO_VALUE_ON_ZERO";
SET time_zone = "+00:00";


/*!40101 SET @OLD_CHARACTER_SET_CLIENT=@@CHARACTER_SET_CLIENT */;
/*!40101 SET @OLD_CHARACTER_SET_RESULTS=@@CHARACTER_SET_RESULTS */;
/*!40101 SET @OLD_COLLATION_CONNECTION=@@COLLATION_CONNECTION */;
/*!40101 SET NAMES utf8 */;

--
-- ฐานข้อมูล: `dbclinic`
--

DELIMITER $$
--
-- Procedures
--
CREATE DEFINER=`root`@`localhost` PROCEDURE `fill_calendar`(start_date DATE, end_date DATE)
BEGIN
  DECLARE crt_date DATE;
  SET crt_date=start_date;
  WHILE crt_date < end_date DO
    INSERT INTO calendar VALUES(crt_date);
    SET crt_date = ADDDATE(crt_date, INTERVAL 1 DAY);
  END WHILE;
END$$

DELIMITER ;

-- --------------------------------------------------------

--
-- โครงสร้างตาราง `branch`
--

CREATE TABLE IF NOT EXISTS `branch` (
  `branch_id` int(10) unsigned NOT NULL AUTO_INCREMENT,
  `branch_name` varchar(30) COLLATE utf8_unicode_ci NOT NULL,
  `branch_address` text COLLATE utf8_unicode_ci NOT NULL,
  `branch_tel` varchar(10) COLLATE utf8_unicode_ci NOT NULL,
  `branch_email` varchar(255) COLLATE utf8_unicode_ci NOT NULL,
  `branch_code` varchar(13) COLLATE utf8_unicode_ci NOT NULL,
  `created_at` timestamp NOT NULL DEFAULT '0000-00-00 00:00:00',
  `updated_at` timestamp NOT NULL DEFAULT '0000-00-00 00:00:00',
  PRIMARY KEY (`branch_id`)
) ENGINE=InnoDB  DEFAULT CHARSET=utf8 COLLATE=utf8_unicode_ci AUTO_INCREMENT=103 ;

--
-- dump ตาราง `branch`
--

INSERT INTO `branch` (`branch_id`, `branch_name`, `branch_address`, `branch_tel`, `branch_email`, `branch_code`, `created_at`, `updated_at`) VALUES
(10, 'สยาม', 'บริษัท สยาม ทรีดี คลินิคเวชกรรม จำกัด\r\n430/37-38 ถนนพระราม1 แขวงปทุมวัน กทม.', '022526618', 'AV-JP@jp.com', '0105558096607', '2015-08-23 14:04:21', '2015-08-25 08:25:39');

-- --------------------------------------------------------

--
-- โครงสร้างตาราง `calendar`
--

CREATE TABLE IF NOT EXISTS `calendar` (
  `datefield` date NOT NULL
) ENGINE=InnoDB DEFAULT CHARSET=utf8 COLLATE=utf8_unicode_ci;

--
-- dump ตาราง `calendar`
--

INSERT INTO `calendar` (`datefield`) VALUES
('2015-01-01'),
('2015-01-02'),
('2015-01-03'),
('2015-01-04'),
('2015-01-05'),
('2015-01-06'),
('2015-01-07'),
('2015-01-08'),
('2015-01-09'),
('2015-01-10'),
('2015-01-11'),
('2015-01-12'),
('2015-01-13'),
('2015-01-14'),
('2015-01-15'),
('2015-01-16'),
('2015-01-17'),
('2015-01-18'),
('2015-01-19'),
('2015-01-20'),
('2015-01-21'),
('2015-01-22'),
('2015-01-23'),
('2015-01-24'),
('2015-01-25'),
('2015-01-26'),
('2015-01-27'),
('2015-01-28'),
('2015-01-29'),
('2015-01-30'),
('2015-01-31'),
('2015-02-01'),
('2015-02-02'),
('2015-02-03'),
('2015-02-04'),
('2015-02-05'),
('2015-02-06'),
('2015-02-07'),
('2015-02-08'),
('2015-02-09'),
('2015-02-10'),
('2015-02-11'),
('2015-02-12'),
('2015-02-13'),
('2015-02-14'),
('2015-02-15'),
('2015-02-16'),
('2015-02-17'),
('2015-02-18'),
('2015-02-19'),
('2015-02-20'),
('2015-02-21'),
('2015-02-22'),
('2015-02-23'),
('2015-02-24'),
('2015-02-25'),
('2015-02-26'),
('2015-02-27'),
('2015-02-28'),
('2015-03-01'),
('2015-03-02'),
('2015-03-03'),
('2015-03-04'),
('2015-03-05'),
('2015-03-06'),
('2015-03-07'),
('2015-03-08'),
('2015-03-09'),
('2015-03-10'),
('2015-03-11'),
('2015-03-12'),
('2015-03-13'),
('2015-03-14'),
('2015-03-15'),
('2015-03-16'),
('2015-03-17'),
('2015-03-18'),
('2015-03-19'),
('2015-03-20'),
('2015-03-21'),
('2015-03-22'),
('2015-03-23'),
('2015-03-24'),
('2015-03-25'),
('2015-03-26'),
('2015-03-27'),
('2015-03-28'),
('2015-03-29'),
('2015-03-30'),
('2015-03-31'),
('2015-04-01'),
('2015-04-02'),
('2015-04-03'),
('2015-04-04'),
('2015-04-05'),
('2015-04-06'),
('2015-04-07'),
('2015-04-08'),
('2015-04-09'),
('2015-04-10'),
('2015-04-11'),
('2015-04-12'),
('2015-04-13'),
('2015-04-14'),
('2015-04-15'),
('2015-04-16'),
('2015-04-17'),
('2015-04-18'),
('2015-04-19'),
('2015-04-20'),
('2015-04-21'),
('2015-04-22'),
('2015-04-23'),
('2015-04-24'),
('2015-04-25'),
('2015-04-26'),
('2015-04-27'),
('2015-04-28'),
('2015-04-29'),
('2015-04-30'),
('2015-05-01'),
('2015-05-02'),
('2015-05-03'),
('2015-05-04'),
('2015-05-05'),
('2015-05-06'),
('2015-05-07'),
('2015-05-08'),
('2015-05-09'),
('2015-05-10'),
('2015-05-11'),
('2015-05-12'),
('2015-05-13'),
('2015-05-14'),
('2015-05-15'),
('2015-05-16'),
('2015-05-17'),
('2015-05-18'),
('2015-05-19'),
('2015-05-20'),
('2015-05-21'),
('2015-05-22'),
('2015-05-23'),
('2015-05-24'),
('2015-05-25'),
('2015-05-26'),
('2015-05-27'),
('2015-05-28'),
('2015-05-29'),
('2015-05-30'),
('2015-05-31'),
('2015-06-01'),
('2015-06-02'),
('2015-06-03'),
('2015-06-04'),
('2015-06-05'),
('2015-06-06'),
('2015-06-07'),
('2015-06-08'),
('2015-06-09'),
('2015-06-10'),
('2015-06-11'),
('2015-06-12'),
('2015-06-13'),
('2015-06-14'),
('2015-06-15'),
('2015-06-16'),
('2015-06-17'),
('2015-06-18'),
('2015-06-19'),
('2015-06-20'),
('2015-06-21'),
('2015-06-22'),
('2015-06-23'),
('2015-06-24'),
('2015-06-25'),
('2015-06-26'),
('2015-06-27'),
('2015-06-28'),
('2015-06-29'),
('2015-06-30'),
('2015-07-01'),
('2015-07-02'),
('2015-07-03'),
('2015-07-04'),
('2015-07-05'),
('2015-07-06'),
('2015-07-07'),
('2015-07-08'),
('2015-07-09'),
('2015-07-10'),
('2015-07-11'),
('2015-07-12'),
('2015-07-13'),
('2015-07-14'),
('2015-07-15'),
('2015-07-16'),
('2015-07-17'),
('2015-07-18'),
('2015-07-19'),
('2015-07-20'),
('2015-07-21'),
('2015-07-22'),
('2015-07-23'),
('2015-07-24'),
('2015-07-25'),
('2015-07-26'),
('2015-07-27'),
('2015-07-28'),
('2015-07-29'),
('2015-07-30'),
('2015-07-31'),
('2015-08-01'),
('2015-08-02'),
('2015-08-03'),
('2015-08-04'),
('2015-08-05'),
('2015-08-06'),
('2015-08-07'),
('2015-08-08'),
('2015-08-09'),
('2015-08-10'),
('2015-08-11'),
('2015-08-12'),
('2015-08-13'),
('2015-08-14'),
('2015-08-15'),
('2015-08-16'),
('2015-08-17'),
('2015-08-18'),
('2015-08-19'),
('2015-08-20'),
('2015-08-21'),
('2015-08-22'),
('2015-08-23'),
('2015-08-24'),
('2015-08-25'),
('2015-08-26'),
('2015-08-27'),
('2015-08-28'),
('2015-08-29'),
('2015-08-30'),
('2015-08-31'),
('2015-09-01'),
('2015-09-02'),
('2015-09-03'),
('2015-09-04'),
('2015-09-05'),
('2015-09-06'),
('2015-09-07'),
('2015-09-08'),
('2015-09-09'),
('2015-09-10'),
('2015-09-11'),
('2015-09-12'),
('2015-09-13'),
('2015-09-14'),
('2015-09-15'),
('2015-09-16'),
('2015-09-17'),
('2015-09-18'),
('2015-09-19'),
('2015-09-20'),
('2015-09-21'),
('2015-09-22'),
('2015-09-23'),
('2015-09-24'),
('2015-09-25'),
('2015-09-26'),
('2015-09-27'),
('2015-09-28'),
('2015-09-29'),
('2015-09-30'),
('2015-10-01'),
('2015-10-02'),
('2015-10-03'),
('2015-10-04'),
('2015-10-05'),
('2015-10-06'),
('2015-10-07'),
('2015-10-08'),
('2015-10-09'),
('2015-10-10'),
('2015-10-11'),
('2015-10-12'),
('2015-10-13'),
('2015-10-14'),
('2015-10-15'),
('2015-10-16'),
('2015-10-17'),
('2015-10-18'),
('2015-10-19'),
('2015-10-20'),
('2015-10-21'),
('2015-10-22'),
('2015-10-23'),
('2015-10-24'),
('2015-10-25'),
('2015-10-26'),
('2015-10-27'),
('2015-10-28'),
('2015-10-29'),
('2015-10-30'),
('2015-10-31'),
('2015-11-01'),
('2015-11-02'),
('2015-11-03'),
('2015-11-04'),
('2015-11-05'),
('2015-11-06'),
('2015-11-07'),
('2015-11-08'),
('2015-11-09'),
('2015-11-10'),
('2015-11-11'),
('2015-11-12'),
('2015-11-13'),
('2015-11-14'),
('2015-11-15'),
('2015-11-16'),
('2015-11-17'),
('2015-11-18'),
('2015-11-19'),
('2015-11-20'),
('2015-11-21'),
('2015-11-22'),
('2015-11-23'),
('2015-11-24'),
('2015-11-25'),
('2015-11-26'),
('2015-11-27'),
('2015-11-28'),
('2015-11-29'),
('2015-11-30'),
('2015-12-01'),
('2015-12-02'),
('2015-12-03'),
('2015-12-04'),
('2015-12-05'),
('2015-12-06'),
('2015-12-07'),
('2015-12-08'),
('2015-12-09'),
('2015-12-10'),
('2015-12-11'),
('2015-12-12'),
('2015-12-13'),
('2015-12-14'),
('2015-12-15'),
('2015-12-16'),
('2015-12-17'),
('2015-12-18'),
('2015-12-19'),
('2015-12-20'),
('2015-12-21'),
('2015-12-22'),
('2015-12-23'),
('2015-12-24'),
('2015-12-25'),
('2015-12-26'),
('2015-12-27'),
('2015-12-28'),
('2015-12-29'),
('2015-12-30'),
('2015-12-31'),
('2016-01-01'),
('2016-01-02'),
('2016-01-03'),
('2016-01-04'),
('2016-01-05'),
('2016-01-06'),
('2016-01-07'),
('2016-01-08'),
('2016-01-09'),
('2016-01-10'),
('2016-01-11'),
('2016-01-12'),
('2016-01-13'),
('2016-01-14'),
('2016-01-15'),
('2016-01-16'),
('2016-01-17'),
('2016-01-18'),
('2016-01-19'),
('2016-01-20'),
('2016-01-21'),
('2016-01-22'),
('2016-01-23'),
('2016-01-24'),
('2016-01-25'),
('2016-01-26'),
('2016-01-27'),
('2016-01-28'),
('2016-01-29'),
('2016-01-30'),
('2016-01-31'),
('2016-02-01'),
('2016-02-02'),
('2016-02-03'),
('2016-02-04'),
('2016-02-05'),
('2016-02-06'),
('2016-02-07'),
('2016-02-08'),
('2016-02-09'),
('2016-02-10'),
('2016-02-11'),
('2016-02-12'),
('2016-02-13'),
('2016-02-14'),
('2016-02-15'),
('2016-02-16'),
('2016-02-17'),
('2016-02-18'),
('2016-02-19'),
('2016-02-20'),
('2016-02-21'),
('2016-02-22'),
('2016-02-23'),
('2016-02-24'),
('2016-02-25'),
('2016-02-26'),
('2016-02-27'),
('2016-02-28'),
('2016-02-29'),
('2016-03-01'),
('2016-03-02'),
('2016-03-03'),
('2016-03-04'),
('2016-03-05'),
('2016-03-06'),
('2016-03-07'),
('2016-03-08'),
('2016-03-09'),
('2016-03-10'),
('2016-03-11'),
('2016-03-12'),
('2016-03-13'),
('2016-03-14'),
('2016-03-15'),
('2016-03-16'),
('2016-03-17'),
('2016-03-18'),
('2016-03-19'),
('2016-03-20'),
('2016-03-21'),
('2016-03-22'),
('2016-03-23'),
('2016-03-24'),
('2016-03-25'),
('2016-03-26'),
('2016-03-27'),
('2016-03-28'),
('2016-03-29'),
('2016-03-30'),
('2016-03-31'),
('2016-04-01'),
('2016-04-02'),
('2016-04-03'),
('2016-04-04'),
('2016-04-05'),
('2016-04-06'),
('2016-04-07'),
('2016-04-08'),
('2016-04-09'),
('2016-04-10'),
('2016-04-11'),
('2016-04-12'),
('2016-04-13'),
('2016-04-14'),
('2016-04-15'),
('2016-04-16'),
('2016-04-17'),
('2016-04-18'),
('2016-04-19'),
('2016-04-20'),
('2016-04-21'),
('2016-04-22'),
('2016-04-23'),
('2016-04-24'),
('2016-04-25'),
('2016-04-26'),
('2016-04-27'),
('2016-04-28'),
('2016-04-29'),
('2016-04-30'),
('2016-05-01'),
('2016-05-02'),
('2016-05-03'),
('2016-05-04'),
('2016-05-05'),
('2016-05-06'),
('2016-05-07'),
('2016-05-08'),
('2016-05-09'),
('2016-05-10'),
('2016-05-11'),
('2016-05-12'),
('2016-05-13'),
('2016-05-14'),
('2016-05-15'),
('2016-05-16'),
('2016-05-17'),
('2016-05-18'),
('2016-05-19'),
('2016-05-20'),
('2016-05-21'),
('2016-05-22'),
('2016-05-23'),
('2016-05-24'),
('2016-05-25'),
('2016-05-26'),
('2016-05-27'),
('2016-05-28'),
('2016-05-29'),
('2016-05-30'),
('2016-05-31'),
('2016-06-01'),
('2016-06-02'),
('2016-06-03'),
('2016-06-04'),
('2016-06-05'),
('2016-06-06'),
('2016-06-07'),
('2016-06-08'),
('2016-06-09'),
('2016-06-10'),
('2016-06-11'),
('2016-06-12'),
('2016-06-13'),
('2016-06-14'),
('2016-06-15'),
('2016-06-16'),
('2016-06-17'),
('2016-06-18'),
('2016-06-19'),
('2016-06-20'),
('2016-06-21'),
('2016-06-22'),
('2016-06-23'),
('2016-06-24'),
('2016-06-25'),
('2016-06-26'),
('2016-06-27'),
('2016-06-28'),
('2016-06-29'),
('2016-06-30'),
('2016-07-01'),
('2016-07-02'),
('2016-07-03'),
('2016-07-04'),
('2016-07-05'),
('2016-07-06'),
('2016-07-07'),
('2016-07-08'),
('2016-07-09'),
('2016-07-10'),
('2016-07-11'),
('2016-07-12'),
('2016-07-13'),
('2016-07-14'),
('2016-07-15'),
('2016-07-16'),
('2016-07-17'),
('2016-07-18'),
('2016-07-19'),
('2016-07-20'),
('2016-07-21'),
('2016-07-22'),
('2016-07-23'),
('2016-07-24'),
('2016-07-25'),
('2016-07-26'),
('2016-07-27'),
('2016-07-28'),
('2016-07-29'),
('2016-07-30'),
('2016-07-31'),
('2016-08-01'),
('2016-08-02'),
('2016-08-03'),
('2016-08-04'),
('2016-08-05'),
('2016-08-06'),
('2016-08-07'),
('2016-08-08'),
('2016-08-09'),
('2016-08-10'),
('2016-08-11'),
('2016-08-12'),
('2016-08-13'),
('2016-08-14'),
('2016-08-15'),
('2016-08-16'),
('2016-08-17'),
('2016-08-18'),
('2016-08-19'),
('2016-08-20'),
('2016-08-21'),
('2016-08-22'),
('2016-08-23'),
('2016-08-24'),
('2016-08-25'),
('2016-08-26'),
('2016-08-27'),
('2016-08-28'),
('2016-08-29'),
('2016-08-30'),
('2016-08-31'),
('2016-09-01'),
('2016-09-02'),
('2016-09-03'),
('2016-09-04'),
('2016-09-05'),
('2016-09-06'),
('2016-09-07'),
('2016-09-08'),
('2016-09-09'),
('2016-09-10'),
('2016-09-11'),
('2016-09-12'),
('2016-09-13'),
('2016-09-14'),
('2016-09-15'),
('2016-09-16'),
('2016-09-17'),
('2016-09-18'),
('2016-09-19'),
('2016-09-20'),
('2016-09-21'),
('2016-09-22'),
('2016-09-23'),
('2016-09-24'),
('2016-09-25'),
('2016-09-26'),
('2016-09-27'),
('2016-09-28'),
('2016-09-29'),
('2016-09-30'),
('2016-10-01'),
('2016-10-02'),
('2016-10-03'),
('2016-10-04'),
('2016-10-05'),
('2016-10-06'),
('2016-10-07'),
('2016-10-08'),
('2016-10-09'),
('2016-10-10'),
('2016-10-11'),
('2016-10-12'),
('2016-10-13'),
('2016-10-14'),
('2016-10-15'),
('2016-10-16'),
('2016-10-17'),
('2016-10-18'),
('2016-10-19'),
('2016-10-20'),
('2016-10-21'),
('2016-10-22'),
('2016-10-23'),
('2016-10-24'),
('2016-10-25'),
('2016-10-26'),
('2016-10-27'),
('2016-10-28'),
('2016-10-29'),
('2016-10-30'),
('2016-10-31'),
('2016-11-01'),
('2016-11-02'),
('2016-11-03'),
('2016-11-04'),
('2016-11-05'),
('2016-11-06'),
('2016-11-07'),
('2016-11-08'),
('2016-11-09'),
('2016-11-10'),
('2016-11-11'),
('2016-11-12'),
('2016-11-13'),
('2016-11-14'),
('2016-11-15'),
('2016-11-16'),
('2016-11-17'),
('2016-11-18'),
('2016-11-19'),
('2016-11-20'),
('2016-11-21'),
('2016-11-22'),
('2016-11-23'),
('2016-11-24'),
('2016-11-25'),
('2016-11-26'),
('2016-11-27'),
('2016-11-28'),
('2016-11-29'),
('2016-11-30'),
('2016-12-01'),
('2016-12-02'),
('2016-12-03'),
('2016-12-04'),
('2016-12-05'),
('2016-12-06'),
('2016-12-07'),
('2016-12-08'),
('2016-12-09'),
('2016-12-10'),
('2016-12-11'),
('2016-12-12'),
('2016-12-13'),
('2016-12-14'),
('2016-12-15'),
('2016-12-16'),
('2016-12-17'),
('2016-12-18'),
('2016-12-19'),
('2016-12-20'),
('2016-12-21'),
('2016-12-22'),
('2016-12-23'),
('2016-12-24'),
('2016-12-25'),
('2016-12-26'),
('2016-12-27'),
('2016-12-28'),
('2016-12-29'),
('2016-12-30'),
('2016-12-31'),
('2017-01-01'),
('2017-01-02'),
('2017-01-03'),
('2017-01-04'),
('2017-01-05'),
('2017-01-06'),
('2017-01-07'),
('2017-01-08'),
('2017-01-09'),
('2017-01-10'),
('2017-01-11'),
('2017-01-12'),
('2017-01-13'),
('2017-01-14'),
('2017-01-15'),
('2017-01-16'),
('2017-01-17'),
('2017-01-18'),
('2017-01-19'),
('2017-01-20'),
('2017-01-21'),
('2017-01-22'),
('2017-01-23'),
('2017-01-24'),
('2017-01-25'),
('2017-01-26'),
('2017-01-27'),
('2017-01-28'),
('2017-01-29'),
('2017-01-30'),
('2017-01-31'),
('2017-02-01'),
('2017-02-02'),
('2017-02-03'),
('2017-02-04'),
('2017-02-05'),
('2017-02-06'),
('2017-02-07'),
('2017-02-08'),
('2017-02-09'),
('2017-02-10'),
('2017-02-11'),
('2017-02-12'),
('2017-02-13'),
('2017-02-14'),
('2017-02-15'),
('2017-02-16'),
('2017-02-17'),
('2017-02-18'),
('2017-02-19'),
('2017-02-20'),
('2017-02-21'),
('2017-02-22'),
('2017-02-23'),
('2017-02-24'),
('2017-02-25'),
('2017-02-26'),
('2017-02-27'),
('2017-02-28'),
('2017-03-01'),
('2017-03-02'),
('2017-03-03'),
('2017-03-04'),
('2017-03-05'),
('2017-03-06'),
('2017-03-07'),
('2017-03-08'),
('2017-03-09'),
('2017-03-10'),
('2017-03-11'),
('2017-03-12'),
('2017-03-13'),
('2017-03-14'),
('2017-03-15'),
('2017-03-16'),
('2017-03-17'),
('2017-03-18'),
('2017-03-19'),
('2017-03-20'),
('2017-03-21'),
('2017-03-22'),
('2017-03-23'),
('2017-03-24'),
('2017-03-25'),
('2017-03-26'),
('2017-03-27'),
('2017-03-28'),
('2017-03-29'),
('2017-03-30'),
('2017-03-31'),
('2017-04-01'),
('2017-04-02'),
('2017-04-03'),
('2017-04-04'),
('2017-04-05'),
('2017-04-06'),
('2017-04-07'),
('2017-04-08'),
('2017-04-09'),
('2017-04-10'),
('2017-04-11'),
('2017-04-12'),
('2017-04-13'),
('2017-04-14'),
('2017-04-15'),
('2017-04-16'),
('2017-04-17'),
('2017-04-18'),
('2017-04-19'),
('2017-04-20'),
('2017-04-21'),
('2017-04-22'),
('2017-04-23'),
('2017-04-24'),
('2017-04-25'),
('2017-04-26'),
('2017-04-27'),
('2017-04-28'),
('2017-04-29'),
('2017-04-30'),
('2017-05-01'),
('2017-05-02'),
('2017-05-03'),
('2017-05-04'),
('2017-05-05'),
('2017-05-06'),
('2017-05-07'),
('2017-05-08'),
('2017-05-09'),
('2017-05-10'),
('2017-05-11'),
('2017-05-12'),
('2017-05-13'),
('2017-05-14'),
('2017-05-15'),
('2017-05-16'),
('2017-05-17'),
('2017-05-18'),
('2017-05-19'),
('2017-05-20'),
('2017-05-21'),
('2017-05-22'),
('2017-05-23'),
('2017-05-24'),
('2017-05-25'),
('2017-05-26'),
('2017-05-27'),
('2017-05-28'),
('2017-05-29'),
('2017-05-30'),
('2017-05-31'),
('2017-06-01'),
('2017-06-02'),
('2017-06-03'),
('2017-06-04'),
('2017-06-05'),
('2017-06-06'),
('2017-06-07'),
('2017-06-08'),
('2017-06-09'),
('2017-06-10'),
('2017-06-11'),
('2017-06-12'),
('2017-06-13'),
('2017-06-14'),
('2017-06-15'),
('2017-06-16'),
('2017-06-17'),
('2017-06-18'),
('2017-06-19'),
('2017-06-20'),
('2017-06-21'),
('2017-06-22'),
('2017-06-23'),
('2017-06-24'),
('2017-06-25'),
('2017-06-26'),
('2017-06-27'),
('2017-06-28'),
('2017-06-29'),
('2017-06-30'),
('2017-07-01'),
('2017-07-02'),
('2017-07-03'),
('2017-07-04'),
('2017-07-05'),
('2017-07-06'),
('2017-07-07'),
('2017-07-08'),
('2017-07-09'),
('2017-07-10'),
('2017-07-11'),
('2017-07-12'),
('2017-07-13'),
('2017-07-14'),
('2017-07-15'),
('2017-07-16'),
('2017-07-17'),
('2017-07-18'),
('2017-07-19'),
('2017-07-20'),
('2017-07-21'),
('2017-07-22'),
('2017-07-23'),
('2017-07-24'),
('2017-07-25'),
('2017-07-26'),
('2017-07-27'),
('2017-07-28'),
('2017-07-29'),
('2017-07-30'),
('2017-07-31'),
('2017-08-01'),
('2017-08-02'),
('2017-08-03'),
('2017-08-04'),
('2017-08-05'),
('2017-08-06'),
('2017-08-07'),
('2017-08-08'),
('2017-08-09'),
('2017-08-10'),
('2017-08-11'),
('2017-08-12'),
('2017-08-13'),
('2017-08-14'),
('2017-08-15'),
('2017-08-16'),
('2017-08-17'),
('2017-08-18'),
('2017-08-19'),
('2017-08-20'),
('2017-08-21'),
('2017-08-22'),
('2017-08-23'),
('2017-08-24'),
('2017-08-25'),
('2017-08-26'),
('2017-08-27'),
('2017-08-28'),
('2017-08-29'),
('2017-08-30'),
('2017-08-31'),
('2017-09-01'),
('2017-09-02'),
('2017-09-03'),
('2017-09-04'),
('2017-09-05'),
('2017-09-06'),
('2017-09-07'),
('2017-09-08'),
('2017-09-09'),
('2017-09-10'),
('2017-09-11'),
('2017-09-12'),
('2017-09-13'),
('2017-09-14'),
('2017-09-15'),
('2017-09-16'),
('2017-09-17'),
('2017-09-18'),
('2017-09-19'),
('2017-09-20'),
('2017-09-21'),
('2017-09-22'),
('2017-09-23'),
('2017-09-24'),
('2017-09-25'),
('2017-09-26'),
('2017-09-27'),
('2017-09-28'),
('2017-09-29'),
('2017-09-30'),
('2017-10-01'),
('2017-10-02'),
('2017-10-03'),
('2017-10-04'),
('2017-10-05'),
('2017-10-06'),
('2017-10-07'),
('2017-10-08'),
('2017-10-09'),
('2017-10-10'),
('2017-10-11'),
('2017-10-12'),
('2017-10-13'),
('2017-10-14'),
('2017-10-15'),
('2017-10-16'),
('2017-10-17'),
('2017-10-18'),
('2017-10-19'),
('2017-10-20'),
('2017-10-21'),
('2017-10-22'),
('2017-10-23'),
('2017-10-24'),
('2017-10-25'),
('2017-10-26'),
('2017-10-27'),
('2017-10-28'),
('2017-10-29'),
('2017-10-30'),
('2017-10-31'),
('2017-11-01'),
('2017-11-02'),
('2017-11-03'),
('2017-11-04'),
('2017-11-05'),
('2017-11-06'),
('2017-11-07'),
('2017-11-08'),
('2017-11-09'),
('2017-11-10'),
('2017-11-11'),
('2017-11-12'),
('2017-11-13'),
('2017-11-14'),
('2017-11-15'),
('2017-11-16'),
('2017-11-17'),
('2017-11-18'),
('2017-11-19'),
('2017-11-20'),
('2017-11-21'),
('2017-11-22'),
('2017-11-23'),
('2017-11-24'),
('2017-11-25'),
('2017-11-26'),
('2017-11-27'),
('2017-11-28'),
('2017-11-29'),
('2017-11-30'),
('2017-12-01'),
('2017-12-02'),
('2017-12-03'),
('2017-12-04'),
('2017-12-05'),
('2017-12-06'),
('2017-12-07'),
('2017-12-08'),
('2017-12-09'),
('2017-12-10'),
('2017-12-11'),
('2017-12-12'),
('2017-12-13'),
('2017-12-14'),
('2017-12-15'),
('2017-12-16'),
('2017-12-17'),
('2017-12-18'),
('2017-12-19'),
('2017-12-20'),
('2017-12-21'),
('2017-12-22'),
('2017-12-23'),
('2017-12-24'),
('2017-12-25'),
('2017-12-26'),
('2017-12-27'),
('2017-12-28'),
('2017-12-29'),
('2017-12-30'),
('2017-12-31'),
('2018-01-01'),
('2018-01-02'),
('2018-01-03'),
('2018-01-04'),
('2018-01-05'),
('2018-01-06'),
('2018-01-07'),
('2018-01-08'),
('2018-01-09'),
('2018-01-10'),
('2018-01-11'),
('2018-01-12'),
('2018-01-13'),
('2018-01-14'),
('2018-01-15'),
('2018-01-16'),
('2018-01-17'),
('2018-01-18'),
('2018-01-19'),
('2018-01-20'),
('2018-01-21'),
('2018-01-22'),
('2018-01-23'),
('2018-01-24'),
('2018-01-25'),
('2018-01-26'),
('2018-01-27'),
('2018-01-28'),
('2018-01-29'),
('2018-01-30'),
('2018-01-31'),
('2018-02-01'),
('2018-02-02'),
('2018-02-03'),
('2018-02-04'),
('2018-02-05'),
('2018-02-06'),
('2018-02-07'),
('2018-02-08'),
('2018-02-09'),
('2018-02-10'),
('2018-02-11'),
('2018-02-12'),
('2018-02-13'),
('2018-02-14'),
('2018-02-15'),
('2018-02-16'),
('2018-02-17'),
('2018-02-18'),
('2018-02-19'),
('2018-02-20'),
('2018-02-21'),
('2018-02-22'),
('2018-02-23'),
('2018-02-24'),
('2018-02-25'),
('2018-02-26'),
('2018-02-27'),
('2018-02-28'),
('2018-03-01'),
('2018-03-02'),
('2018-03-03'),
('2018-03-04'),
('2018-03-05'),
('2018-03-06'),
('2018-03-07'),
('2018-03-08'),
('2018-03-09'),
('2018-03-10'),
('2018-03-11'),
('2018-03-12'),
('2018-03-13'),
('2018-03-14'),
('2018-03-15'),
('2018-03-16'),
('2018-03-17'),
('2018-03-18'),
('2018-03-19'),
('2018-03-20'),
('2018-03-21'),
('2018-03-22'),
('2018-03-23'),
('2018-03-24'),
('2018-03-25'),
('2018-03-26'),
('2018-03-27'),
('2018-03-28'),
('2018-03-29'),
('2018-03-30'),
('2018-03-31'),
('2018-04-01'),
('2018-04-02'),
('2018-04-03'),
('2018-04-04'),
('2018-04-05'),
('2018-04-06'),
('2018-04-07'),
('2018-04-08'),
('2018-04-09'),
('2018-04-10'),
('2018-04-11'),
('2018-04-12'),
('2018-04-13'),
('2018-04-14'),
('2018-04-15'),
('2018-04-16'),
('2018-04-17'),
('2018-04-18'),
('2018-04-19'),
('2018-04-20'),
('2018-04-21'),
('2018-04-22'),
('2018-04-23'),
('2018-04-24'),
('2018-04-25'),
('2018-04-26'),
('2018-04-27'),
('2018-04-28'),
('2018-04-29'),
('2018-04-30'),
('2018-05-01'),
('2018-05-02'),
('2018-05-03'),
('2018-05-04'),
('2018-05-05'),
('2018-05-06'),
('2018-05-07'),
('2018-05-08'),
('2018-05-09'),
('2018-05-10'),
('2018-05-11'),
('2018-05-12'),
('2018-05-13'),
('2018-05-14'),
('2018-05-15'),
('2018-05-16'),
('2018-05-17'),
('2018-05-18'),
('2018-05-19'),
('2018-05-20'),
('2018-05-21'),
('2018-05-22'),
('2018-05-23'),
('2018-05-24'),
('2018-05-25'),
('2018-05-26'),
('2018-05-27'),
('2018-05-28'),
('2018-05-29'),
('2018-05-30'),
('2018-05-31'),
('2018-06-01'),
('2018-06-02'),
('2018-06-03'),
('2018-06-04'),
('2018-06-05'),
('2018-06-06'),
('2018-06-07'),
('2018-06-08'),
('2018-06-09'),
('2018-06-10'),
('2018-06-11'),
('2018-06-12'),
('2018-06-13'),
('2018-06-14'),
('2018-06-15'),
('2018-06-16'),
('2018-06-17'),
('2018-06-18'),
('2018-06-19'),
('2018-06-20'),
('2018-06-21'),
('2018-06-22'),
('2018-06-23'),
('2018-06-24'),
('2018-06-25'),
('2018-06-26'),
('2018-06-27'),
('2018-06-28'),
('2018-06-29'),
('2018-06-30'),
('2018-07-01'),
('2018-07-02'),
('2018-07-03'),
('2018-07-04'),
('2018-07-05'),
('2018-07-06'),
('2018-07-07'),
('2018-07-08'),
('2018-07-09'),
('2018-07-10'),
('2018-07-11'),
('2018-07-12'),
('2018-07-13'),
('2018-07-14'),
('2018-07-15'),
('2018-07-16'),
('2018-07-17'),
('2018-07-18'),
('2018-07-19'),
('2018-07-20'),
('2018-07-21'),
('2018-07-22'),
('2018-07-23'),
('2018-07-24'),
('2018-07-25'),
('2018-07-26'),
('2018-07-27'),
('2018-07-28'),
('2018-07-29'),
('2018-07-30'),
('2018-07-31'),
('2018-08-01'),
('2018-08-02'),
('2018-08-03'),
('2018-08-04'),
('2018-08-05'),
('2018-08-06'),
('2018-08-07'),
('2018-08-08'),
('2018-08-09'),
('2018-08-10'),
('2018-08-11'),
('2018-08-12'),
('2018-08-13'),
('2018-08-14'),
('2018-08-15'),
('2018-08-16'),
('2018-08-17'),
('2018-08-18'),
('2018-08-19'),
('2018-08-20'),
('2018-08-21'),
('2018-08-22'),
('2018-08-23'),
('2018-08-24'),
('2018-08-25'),
('2018-08-26'),
('2018-08-27'),
('2018-08-28'),
('2018-08-29'),
('2018-08-30'),
('2018-08-31'),
('2018-09-01'),
('2018-09-02'),
('2018-09-03'),
('2018-09-04'),
('2018-09-05'),
('2018-09-06'),
('2018-09-07'),
('2018-09-08'),
('2018-09-09'),
('2018-09-10'),
('2018-09-11'),
('2018-09-12'),
('2018-09-13'),
('2018-09-14'),
('2018-09-15'),
('2018-09-16'),
('2018-09-17'),
('2018-09-18'),
('2018-09-19'),
('2018-09-20'),
('2018-09-21'),
('2018-09-22'),
('2018-09-23'),
('2018-09-24'),
('2018-09-25'),
('2018-09-26'),
('2018-09-27'),
('2018-09-28'),
('2018-09-29'),
('2018-09-30'),
('2018-10-01'),
('2018-10-02'),
('2018-10-03'),
('2018-10-04'),
('2018-10-05'),
('2018-10-06'),
('2018-10-07'),
('2018-10-08'),
('2018-10-09'),
('2018-10-10'),
('2018-10-11'),
('2018-10-12'),
('2018-10-13'),
('2018-10-14'),
('2018-10-15'),
('2018-10-16'),
('2018-10-17'),
('2018-10-18'),
('2018-10-19'),
('2018-10-20'),
('2018-10-21'),
('2018-10-22'),
('2018-10-23'),
('2018-10-24'),
('2018-10-25'),
('2018-10-26'),
('2018-10-27'),
('2018-10-28'),
('2018-10-29'),
('2018-10-30'),
('2018-10-31'),
('2018-11-01'),
('2018-11-02'),
('2018-11-03'),
('2018-11-04'),
('2018-11-05'),
('2018-11-06'),
('2018-11-07'),
('2018-11-08'),
('2018-11-09'),
('2018-11-10'),
('2018-11-11'),
('2018-11-12'),
('2018-11-13'),
('2018-11-14'),
('2018-11-15'),
('2018-11-16'),
('2018-11-17'),
('2018-11-18'),
('2018-11-19'),
('2018-11-20'),
('2018-11-21'),
('2018-11-22'),
('2018-11-23'),
('2018-11-24'),
('2018-11-25'),
('2018-11-26'),
('2018-11-27'),
('2018-11-28'),
('2018-11-29'),
('2018-11-30'),
('2018-12-01'),
('2018-12-02'),
('2018-12-03'),
('2018-12-04'),
('2018-12-05'),
('2018-12-06'),
('2018-12-07'),
('2018-12-08'),
('2018-12-09'),
('2018-12-10'),
('2018-12-11'),
('2018-12-12'),
('2018-12-13'),
('2018-12-14'),
('2018-12-15'),
('2018-12-16'),
('2018-12-17'),
('2018-12-18'),
('2018-12-19'),
('2018-12-20'),
('2018-12-21'),
('2018-12-22'),
('2018-12-23'),
('2018-12-24'),
('2018-12-25'),
('2018-12-26'),
('2018-12-27'),
('2018-12-28'),
('2018-12-29'),
('2018-12-30'),
('2018-12-31'),
('2019-01-01'),
('2019-01-02'),
('2019-01-03'),
('2019-01-04'),
('2019-01-05'),
('2019-01-06'),
('2019-01-07'),
('2019-01-08'),
('2019-01-09'),
('2019-01-10'),
('2019-01-11'),
('2019-01-12'),
('2019-01-13'),
('2019-01-14'),
('2019-01-15'),
('2019-01-16'),
('2019-01-17'),
('2019-01-18'),
('2019-01-19'),
('2019-01-20'),
('2019-01-21'),
('2019-01-22'),
('2019-01-23'),
('2019-01-24'),
('2019-01-25'),
('2019-01-26'),
('2019-01-27'),
('2019-01-28'),
('2019-01-29'),
('2019-01-30'),
('2019-01-31'),
('2019-02-01'),
('2019-02-02'),
('2019-02-03'),
('2019-02-04'),
('2019-02-05'),
('2019-02-06'),
('2019-02-07'),
('2019-02-08'),
('2019-02-09'),
('2019-02-10'),
('2019-02-11'),
('2019-02-12'),
('2019-02-13'),
('2019-02-14'),
('2019-02-15'),
('2019-02-16'),
('2019-02-17'),
('2019-02-18'),
('2019-02-19'),
('2019-02-20'),
('2019-02-21'),
('2019-02-22'),
('2019-02-23'),
('2019-02-24'),
('2019-02-25'),
('2019-02-26'),
('2019-02-27'),
('2019-02-28'),
('2019-03-01'),
('2019-03-02'),
('2019-03-03'),
('2019-03-04'),
('2019-03-05'),
('2019-03-06'),
('2019-03-07'),
('2019-03-08'),
('2019-03-09'),
('2019-03-10'),
('2019-03-11'),
('2019-03-12'),
('2019-03-13'),
('2019-03-14'),
('2019-03-15'),
('2019-03-16'),
('2019-03-17'),
('2019-03-18'),
('2019-03-19'),
('2019-03-20'),
('2019-03-21'),
('2019-03-22'),
('2019-03-23'),
('2019-03-24'),
('2019-03-25'),
('2019-03-26'),
('2019-03-27'),
('2019-03-28'),
('2019-03-29'),
('2019-03-30'),
('2019-03-31'),
('2019-04-01'),
('2019-04-02'),
('2019-04-03'),
('2019-04-04'),
('2019-04-05'),
('2019-04-06'),
('2019-04-07'),
('2019-04-08'),
('2019-04-09'),
('2019-04-10'),
('2019-04-11'),
('2019-04-12'),
('2019-04-13'),
('2019-04-14'),
('2019-04-15'),
('2019-04-16'),
('2019-04-17'),
('2019-04-18'),
('2019-04-19'),
('2019-04-20'),
('2019-04-21'),
('2019-04-22'),
('2019-04-23'),
('2019-04-24'),
('2019-04-25'),
('2019-04-26'),
('2019-04-27'),
('2019-04-28'),
('2019-04-29'),
('2019-04-30'),
('2019-05-01'),
('2019-05-02'),
('2019-05-03'),
('2019-05-04'),
('2019-05-05'),
('2019-05-06'),
('2019-05-07'),
('2019-05-08'),
('2019-05-09'),
('2019-05-10'),
('2019-05-11'),
('2019-05-12'),
('2019-05-13'),
('2019-05-14'),
('2019-05-15'),
('2019-05-16'),
('2019-05-17'),
('2019-05-18'),
('2019-05-19'),
('2019-05-20'),
('2019-05-21'),
('2019-05-22'),
('2019-05-23'),
('2019-05-24'),
('2019-05-25'),
('2019-05-26'),
('2019-05-27'),
('2019-05-28'),
('2019-05-29'),
('2019-05-30'),
('2019-05-31'),
('2019-06-01'),
('2019-06-02'),
('2019-06-03'),
('2019-06-04'),
('2019-06-05'),
('2019-06-06'),
('2019-06-07'),
('2019-06-08'),
('2019-06-09'),
('2019-06-10'),
('2019-06-11'),
('2019-06-12'),
('2019-06-13'),
('2019-06-14'),
('2019-06-15'),
('2019-06-16'),
('2019-06-17'),
('2019-06-18'),
('2019-06-19'),
('2019-06-20'),
('2019-06-21'),
('2019-06-22'),
('2019-06-23'),
('2019-06-24'),
('2019-06-25'),
('2019-06-26'),
('2019-06-27'),
('2019-06-28'),
('2019-06-29'),
('2019-06-30'),
('2019-07-01'),
('2019-07-02'),
('2019-07-03'),
('2019-07-04'),
('2019-07-05'),
('2019-07-06'),
('2019-07-07'),
('2019-07-08'),
('2019-07-09'),
('2019-07-10'),
('2019-07-11'),
('2019-07-12'),
('2019-07-13'),
('2019-07-14'),
('2019-07-15'),
('2019-07-16'),
('2019-07-17'),
('2019-07-18'),
('2019-07-19'),
('2019-07-20'),
('2019-07-21'),
('2019-07-22'),
('2019-07-23'),
('2019-07-24'),
('2019-07-25'),
('2019-07-26'),
('2019-07-27'),
('2019-07-28'),
('2019-07-29'),
('2019-07-30'),
('2019-07-31'),
('2019-08-01'),
('2019-08-02'),
('2019-08-03'),
('2019-08-04'),
('2019-08-05'),
('2019-08-06'),
('2019-08-07'),
('2019-08-08'),
('2019-08-09'),
('2019-08-10'),
('2019-08-11'),
('2019-08-12'),
('2019-08-13'),
('2019-08-14'),
('2019-08-15'),
('2019-08-16'),
('2019-08-17'),
('2019-08-18'),
('2019-08-19'),
('2019-08-20'),
('2019-08-21'),
('2019-08-22'),
('2019-08-23'),
('2019-08-24'),
('2019-08-25'),
('2019-08-26'),
('2019-08-27'),
('2019-08-28'),
('2019-08-29'),
('2019-08-30'),
('2019-08-31'),
('2019-09-01'),
('2019-09-02'),
('2019-09-03'),
('2019-09-04'),
('2019-09-05'),
('2019-09-06'),
('2019-09-07'),
('2019-09-08'),
('2019-09-09'),
('2019-09-10'),
('2019-09-11'),
('2019-09-12'),
('2019-09-13'),
('2019-09-14'),
('2019-09-15'),
('2019-09-16'),
('2019-09-17'),
('2019-09-18'),
('2019-09-19'),
('2019-09-20'),
('2019-09-21'),
('2019-09-22'),
('2019-09-23'),
('2019-09-24'),
('2019-09-25'),
('2019-09-26'),
('2019-09-27'),
('2019-09-28'),
('2019-09-29'),
('2019-09-30'),
('2019-10-01'),
('2019-10-02'),
('2019-10-03'),
('2019-10-04'),
('2019-10-05'),
('2019-10-06'),
('2019-10-07'),
('2019-10-08'),
('2019-10-09'),
('2019-10-10'),
('2019-10-11'),
('2019-10-12'),
('2019-10-13'),
('2019-10-14'),
('2019-10-15'),
('2019-10-16'),
('2019-10-17'),
('2019-10-18'),
('2019-10-19'),
('2019-10-20'),
('2019-10-21'),
('2019-10-22'),
('2019-10-23'),
('2019-10-24'),
('2019-10-25'),
('2019-10-26'),
('2019-10-27'),
('2019-10-28'),
('2019-10-29'),
('2019-10-30'),
('2019-10-31'),
('2019-11-01'),
('2019-11-02'),
('2019-11-03'),
('2019-11-04'),
('2019-11-05'),
('2019-11-06'),
('2019-11-07'),
('2019-11-08'),
('2019-11-09'),
('2019-11-10'),
('2019-11-11'),
('2019-11-12'),
('2019-11-13'),
('2019-11-14'),
('2019-11-15'),
('2019-11-16'),
('2019-11-17'),
('2019-11-18'),
('2019-11-19'),
('2019-11-20'),
('2019-11-21'),
('2019-11-22'),
('2019-11-23'),
('2019-11-24'),
('2019-11-25'),
('2019-11-26'),
('2019-11-27'),
('2019-11-28'),
('2019-11-29'),
('2019-11-30'),
('2019-12-01'),
('2019-12-02'),
('2019-12-03'),
('2019-12-04'),
('2019-12-05'),
('2019-12-06'),
('2019-12-07'),
('2019-12-08'),
('2019-12-09'),
('2019-12-10'),
('2019-12-11'),
('2019-12-12'),
('2019-12-13'),
('2019-12-14'),
('2019-12-15'),
('2019-12-16'),
('2019-12-17'),
('2019-12-18'),
('2019-12-19'),
('2019-12-20'),
('2019-12-21'),
('2019-12-22'),
('2019-12-23'),
('2019-12-24'),
('2019-12-25'),
('2019-12-26'),
('2019-12-27'),
('2019-12-28'),
('2019-12-29'),
('2019-12-30'),
('2019-12-31'),
('2020-01-01'),
('2020-01-02'),
('2020-01-03'),
('2020-01-04'),
('2020-01-05'),
('2020-01-06'),
('2020-01-07'),
('2020-01-08'),
('2020-01-09'),
('2020-01-10'),
('2020-01-11'),
('2020-01-12'),
('2020-01-13'),
('2020-01-14'),
('2020-01-15'),
('2020-01-16'),
('2020-01-17'),
('2020-01-18'),
('2020-01-19'),
('2020-01-20'),
('2020-01-21'),
('2020-01-22'),
('2020-01-23'),
('2020-01-24'),
('2020-01-25'),
('2020-01-26'),
('2020-01-27'),
('2020-01-28'),
('2020-01-29'),
('2020-01-30'),
('2020-01-31'),
('2020-02-01'),
('2020-02-02'),
('2020-02-03'),
('2020-02-04'),
('2020-02-05'),
('2020-02-06'),
('2020-02-07'),
('2020-02-08'),
('2020-02-09'),
('2020-02-10'),
('2020-02-11'),
('2020-02-12'),
('2020-02-13'),
('2020-02-14'),
('2020-02-15'),
('2020-02-16'),
('2020-02-17'),
('2020-02-18'),
('2020-02-19'),
('2020-02-20'),
('2020-02-21'),
('2020-02-22'),
('2020-02-23'),
('2020-02-24'),
('2020-02-25'),
('2020-02-26'),
('2020-02-27'),
('2020-02-28'),
('2020-02-29'),
('2020-03-01'),
('2020-03-02'),
('2020-03-03'),
('2020-03-04'),
('2020-03-05'),
('2020-03-06'),
('2020-03-07'),
('2020-03-08'),
('2020-03-09'),
('2020-03-10'),
('2020-03-11'),
('2020-03-12'),
('2020-03-13'),
('2020-03-14'),
('2020-03-15'),
('2020-03-16'),
('2020-03-17'),
('2020-03-18'),
('2020-03-19'),
('2020-03-20'),
('2020-03-21'),
('2020-03-22'),
('2020-03-23'),
('2020-03-24'),
('2020-03-25'),
('2020-03-26'),
('2020-03-27'),
('2020-03-28'),
('2020-03-29'),
('2020-03-30'),
('2020-03-31'),
('2020-04-01'),
('2020-04-02'),
('2020-04-03'),
('2020-04-04'),
('2020-04-05'),
('2020-04-06'),
('2020-04-07'),
('2020-04-08'),
('2020-04-09'),
('2020-04-10'),
('2020-04-11'),
('2020-04-12'),
('2020-04-13'),
('2020-04-14'),
('2020-04-15'),
('2020-04-16'),
('2020-04-17'),
('2020-04-18'),
('2020-04-19'),
('2020-04-20'),
('2020-04-21'),
('2020-04-22'),
('2020-04-23'),
('2020-04-24'),
('2020-04-25'),
('2020-04-26'),
('2020-04-27'),
('2020-04-28'),
('2020-04-29'),
('2020-04-30'),
('2020-05-01'),
('2020-05-02'),
('2020-05-03'),
('2020-05-04'),
('2020-05-05'),
('2020-05-06'),
('2020-05-07'),
('2020-05-08'),
('2020-05-09'),
('2020-05-10'),
('2020-05-11'),
('2020-05-12'),
('2020-05-13'),
('2020-05-14'),
('2020-05-15'),
('2020-05-16'),
('2020-05-17'),
('2020-05-18'),
('2020-05-19'),
('2020-05-20'),
('2020-05-21'),
('2020-05-22'),
('2020-05-23'),
('2020-05-24'),
('2020-05-25'),
('2020-05-26'),
('2020-05-27'),
('2020-05-28'),
('2020-05-29'),
('2020-05-30'),
('2020-05-31'),
('2020-06-01'),
('2020-06-02'),
('2020-06-03'),
('2020-06-04'),
('2020-06-05'),
('2020-06-06'),
('2020-06-07'),
('2020-06-08'),
('2020-06-09'),
('2020-06-10'),
('2020-06-11'),
('2020-06-12'),
('2020-06-13'),
('2020-06-14'),
('2020-06-15'),
('2020-06-16'),
('2020-06-17'),
('2020-06-18'),
('2020-06-19'),
('2020-06-20'),
('2020-06-21'),
('2020-06-22'),
('2020-06-23'),
('2020-06-24'),
('2020-06-25'),
('2020-06-26'),
('2020-06-27'),
('2020-06-28'),
('2020-06-29'),
('2020-06-30'),
('2020-07-01'),
('2020-07-02'),
('2020-07-03'),
('2020-07-04'),
('2020-07-05'),
('2020-07-06'),
('2020-07-07'),
('2020-07-08'),
('2020-07-09'),
('2020-07-10'),
('2020-07-11'),
('2020-07-12'),
('2020-07-13'),
('2020-07-14'),
('2020-07-15'),
('2020-07-16'),
('2020-07-17'),
('2020-07-18'),
('2020-07-19'),
('2020-07-20'),
('2020-07-21'),
('2020-07-22'),
('2020-07-23'),
('2020-07-24'),
('2020-07-25'),
('2020-07-26'),
('2020-07-27'),
('2020-07-28'),
('2020-07-29'),
('2020-07-30'),
('2020-07-31'),
('2020-08-01'),
('2020-08-02'),
('2020-08-03'),
('2020-08-04'),
('2020-08-05'),
('2020-08-06'),
('2020-08-07'),
('2020-08-08'),
('2020-08-09'),
('2020-08-10'),
('2020-08-11'),
('2020-08-12'),
('2020-08-13'),
('2020-08-14'),
('2020-08-15'),
('2020-08-16'),
('2020-08-17'),
('2020-08-18'),
('2020-08-19'),
('2020-08-20'),
('2020-08-21'),
('2020-08-22'),
('2020-08-23'),
('2020-08-24'),
('2020-08-25'),
('2020-08-26'),
('2020-08-27'),
('2020-08-28'),
('2020-08-29'),
('2020-08-30'),
('2020-08-31'),
('2020-09-01'),
('2020-09-02'),
('2020-09-03'),
('2020-09-04'),
('2020-09-05'),
('2020-09-06'),
('2020-09-07'),
('2020-09-08'),
('2020-09-09'),
('2020-09-10'),
('2020-09-11'),
('2020-09-12'),
('2020-09-13'),
('2020-09-14'),
('2020-09-15'),
('2020-09-16'),
('2020-09-17'),
('2020-09-18'),
('2020-09-19'),
('2020-09-20'),
('2020-09-21'),
('2020-09-22'),
('2020-09-23'),
('2020-09-24'),
('2020-09-25'),
('2020-09-26'),
('2020-09-27'),
('2020-09-28'),
('2020-09-29'),
('2020-09-30'),
('2020-10-01'),
('2020-10-02'),
('2020-10-03'),
('2020-10-04'),
('2020-10-05'),
('2020-10-06'),
('2020-10-07'),
('2020-10-08'),
('2020-10-09'),
('2020-10-10'),
('2020-10-11'),
('2020-10-12'),
('2020-10-13'),
('2020-10-14'),
('2020-10-15'),
('2020-10-16'),
('2020-10-17'),
('2020-10-18'),
('2020-10-19'),
('2020-10-20'),
('2020-10-21'),
('2020-10-22'),
('2020-10-23'),
('2020-10-24'),
('2020-10-25'),
('2020-10-26'),
('2020-10-27'),
('2020-10-28'),
('2020-10-29'),
('2020-10-30'),
('2020-10-31'),
('2020-11-01'),
('2020-11-02'),
('2020-11-03'),
('2020-11-04'),
('2020-11-05'),
('2020-11-06'),
('2020-11-07'),
('2020-11-08'),
('2020-11-09'),
('2020-11-10'),
('2020-11-11'),
('2020-11-12'),
('2020-11-13'),
('2020-11-14'),
('2020-11-15'),
('2020-11-16'),
('2020-11-17'),
('2020-11-18'),
('2020-11-19'),
('2020-11-20'),
('2020-11-21'),
('2020-11-22'),
('2020-11-23'),
('2020-11-24'),
('2020-11-25'),
('2020-11-26'),
('2020-11-27'),
('2020-11-28'),
('2020-11-29'),
('2020-11-30'),
('2020-12-01'),
('2020-12-02'),
('2020-12-03'),
('2020-12-04'),
('2020-12-05'),
('2020-12-06'),
('2020-12-07'),
('2020-12-08'),
('2020-12-09'),
('2020-12-10'),
('2020-12-11'),
('2020-12-12'),
('2020-12-13'),
('2020-12-14'),
('2020-12-15'),
('2020-12-16'),
('2020-12-17'),
('2020-12-18'),
('2020-12-19'),
('2020-12-20'),
('2020-12-21'),
('2020-12-22'),
('2020-12-23'),
('2020-12-24'),
('2020-12-25'),
('2020-12-26'),
('2020-12-27'),
('2020-12-28'),
('2020-12-29'),
('2020-12-30');

-- --------------------------------------------------------

--
-- โครงสร้างตาราง `course`
--

CREATE TABLE IF NOT EXISTS `course` (
  `course_id` varchar(255) COLLATE utf8_unicode_ci NOT NULL,
  `ct_id` varchar(255) COLLATE utf8_unicode_ci NOT NULL,
  `course_name` varchar(50) COLLATE utf8_unicode_ci NOT NULL,
  `course_detail` text COLLATE utf8_unicode_ci NOT NULL,
  `course_price` decimal(14,2) NOT NULL,
  `course_qty` int(11) NOT NULL,
  `created_at` timestamp NOT NULL DEFAULT '0000-00-00 00:00:00',
  `updated_at` timestamp NOT NULL DEFAULT '0000-00-00 00:00:00',
  PRIMARY KEY (`course_id`)
) ENGINE=InnoDB DEFAULT CHARSET=utf8 COLLATE=utf8_unicode_ci;

--
-- dump ตาราง `course`
--

INSERT INTO `course` (`course_id`, `ct_id`, `course_name`, `course_detail`, `course_price`, `course_qty`, `created_at`, `updated_at`) VALUES
('C011', '', 'Super Mask รายครั้ง', 'Super Mask รายครั้ง 300 บาท', 300.00, 1, '2015-08-25 07:51:58', '2015-08-25 07:51:58'),
('C012', '', 'Super Mask คอร์ส 12 ครั้ง', 'Super Mask คอร์ส 12 ครั้ง 2500 (500*5)/12', 2500.00, 12, '2015-08-25 07:57:09', '2015-08-25 08:48:33'),
('C021', '', 'Magic White รายครั้ง', 'Magic White รายครั้ง 500 บาท', 500.00, 1, '2015-08-25 08:30:00', '2015-08-25 08:30:00'),
('C022', '', 'Magic white คอร์ส 12 ครั้ง', 'Magic white คอร์ส 12 ครั้ง 4500 (900*5)/12', 4500.00, 12, '2015-08-25 08:32:09', '2015-08-25 08:49:06'),
('C031', '', 'Magic Mask รายครั้ง', 'Magic Mask รายครั้ง 800 บาท', 800.00, 1, '2015-08-25 08:06:17', '2015-08-25 08:06:17'),
('C032', '', 'Magic Mask คอร์ส 12 ครั้ง', 'Magic Mask คอร์ส 12 ครั้ง 7500 (1500*5)/12', 7500.00, 12, '2015-08-25 08:26:54', '2015-08-25 08:49:50'),
('C041', '', 'Mask Acne รายครั้ง', 'Mask Acne รายครั้ง 600 บาท', 600.00, 1, '2015-08-25 08:34:36', '2015-08-25 08:34:36'),
('C042', '', 'Mask Acne คอร์ส 12 ครั้ง', 'Mask Acne คอร์ส 12 ครั้ง 5000 (1000*5)/12', 5000.00, 12, '2015-08-25 08:36:49', '2015-08-25 08:50:22'),
('C051', '', 'LED รายครั้ง', 'LED รายครั้ง 600 บาท', 600.00, 1, '2015-08-25 08:41:07', '2015-08-25 08:41:07'),
('C052', '', 'LED คอร์ส 12 ครั้ง', 'LED คอร์ส 12 ครั้ง 5000 (1000*5)/12', 5000.00, 12, '2015-08-25 08:42:49', '2015-08-25 08:50:58'),
('C061', '', 'LED+Mask รายครั้ง', 'LED+Mask รายครั้ง 1200 บาท', 1200.00, 1, '2015-08-25 08:44:48', '2015-08-25 08:44:48'),
('C062', '', 'LED+Mask คอร์ส 12 ครั้ง', 'LED+Mask คอร์ส 12 ครั้ง 9500 (1900*5) /12', 9500.00, 12, '2015-08-25 08:47:10', '2015-08-25 09:01:46'),
('C071', '', 'Deep Treatment รายครั้ง ', 'Deep Treatment รายครั้ง 1500 บาท', 1500.00, 1, '2015-08-25 09:05:31', '2015-08-25 09:05:31'),
('C072', '', 'Deep Treatment คอร์ส 12 ครั้ง', 'Deep Treatment คอร์ส 12 ครั้ง 10000 (2000*5)/12', 10000.00, 12, '2015-08-25 09:08:09', '2015-08-25 09:08:09'),
('C081', '', 'Enrish White รายครั้ง ', 'Enrish White รายครั้ง 2000 บาท ', 2000.00, 1, '2015-08-25 09:09:49', '2015-08-25 09:09:49'),
('C082', '', 'Enrish White คอร์ส 12 ครั้ง', 'Enrish White คอร์ส 12 ครั้ง 18000 (3600*5)/12', 18000.00, 12, '2015-08-25 09:11:16', '2015-08-25 09:11:16'),
('CM11', '', 'Acne Clear รายครั้ง', 'Acne Clear รายครั้ง 800 บาท', 799.00, 1, '2015-09-01 23:49:21', '2015-09-01 23:49:21'),
('CM12', '', 'Acne Clear คอร์ส+ยา', 'Acne Clear คอร์ส+ยา ราคา 10400 บาท (800*13)/16 ครั้ง', 10400.00, 16, '2015-09-01 23:51:38', '2015-09-01 23:51:38'),
('CM21', '', 'Brightening Mask รายครั้ง', 'Brightening Mask รายครั้ง 900 บาท', 900.00, 1, '2015-09-01 23:53:23', '2015-09-01 23:53:23'),
('CM22', '', 'Brightening Mask คอร์ส+ยา', 'Brightening Mask คอร์ส+ยา 5400 บาท (900*6)/10', 5400.00, 10, '2015-09-01 23:54:51', '2015-09-01 23:54:51'),
('CM31', '', 'Softening Mask รายครั้ง', 'Softening Mask รายครั้ง 1200 บาท', 1200.00, 1, '2015-09-01 23:55:49', '2015-09-01 23:55:49'),
('CM32', '', 'Softening Mask คอร์ส+ยา', 'Softening Mask คอร์ส+ยา ราคา 6000 บาท (1000*6)/10', 6000.00, 10, '2015-09-01 23:57:11', '2015-09-01 23:57:11'),
('CM41', '', 'DeepEnrish White รายครั้ง ', 'DeepEnrish White รายครั้ง 2200 บาท', 2200.00, 1, '2015-09-01 23:58:39', '2015-09-01 23:58:39'),
('CM42', '', 'DeepEnrish White คอร์ส+ยา', 'DeepEnrish White คอร์ส+ยา ราคา 15000 บาท (2500*6)/10', 15000.00, 10, '2015-09-02 00:00:00', '2015-09-02 00:00:00'),
('CM51', '', 'Gold Bright รายครั้ง', 'Gold Bright รายครั้ง ราคา 2500 บาท', 2500.00, 1, '2015-09-02 00:02:22', '2015-09-02 00:02:22'),
('CM52', '', 'Gold Bright คอร์ส+ยา', 'Gold Bright คอร์ส+ยา ราคา 13200 บาท (2200*6)/10', 13200.00, 10, '2015-09-02 00:03:46', '2015-09-02 00:03:46'),
('CM61', '', 'Gold Deep รายครั้ง', 'Gold Deep รายครั้ง 3000 บาท', 3000.00, 1, '2015-09-02 00:04:49', '2015-09-02 00:04:49'),
('CM62', '', 'Gold Deep  คอร์ส+ยา', 'Gold Deep  คอร์ส+ยา ราคา 16500 บาท (2750*6)/10', 16500.00, 10, '2015-09-02 00:06:18', '2015-09-02 00:06:18'),
('CM71', '', 'Miracle Repair รายครั้ง', 'Miracle Repair รายครั้ง 5000 บาท', 5000.00, 1, '2015-09-02 00:07:20', '2015-09-02 00:07:20'),
('CM72', '', 'Miracle Repair คอร์ส+ยา', 'Miracle Repair คอร์ส+ยา ราคา 15000 บาท (3750*4)/5', 15000.00, 5, '2015-09-02 00:08:43', '2015-09-02 00:08:43'),
('J011', '', 'Botox A (220/U) 50 Unit', 'Botox A (220/U)10000/50 Unit', 10000.00, 1, '2015-08-25 05:39:47', '2015-08-25 05:39:47'),
('J012', '', 'Botox A (220/U) 100 Unit', 'Botox A (220/U) 20000/100 Unit', 20000.00, 1, '2015-08-25 05:37:41', '2015-08-25 05:37:41'),
('J021', '', 'Botox NB (200/U) 50 Unit', 'Botox NB (200/U) 9500/50 Unit', 9500.00, 1, '2015-08-25 05:52:03', '2015-08-25 05:52:03'),
('J022', '', 'Botox NB (200/U) 100 Unit', 'Botox NB (200/U) 19000/100 Unit', 19000.00, 1, '2015-08-25 05:54:55', '2015-08-25 05:54:55'),
('J031', '', 'Botox N (180/U) 50 Unit', 'Botox N (180/U) 8000/50 Unit', 8000.00, 1, '2015-08-25 05:57:56', '2015-08-25 05:57:56'),
('J032', '', 'Botox N (180/U) 100 Unit', 'Botox N (180/U) 14000/100 Unit', 14000.00, 1, '2015-08-25 05:59:12', '2015-08-25 05:59:12'),
('J041', '', 'Filler Voluma', 'Filler Voluma (20000/หลอด)', 20000.00, 1, '2015-08-25 06:12:22', '2015-08-25 06:12:22'),
('J042', '', 'Filler Juvederm', 'Filler Juvederm (15900/หลอด) ', 15900.00, 1, '2015-08-25 06:14:23', '2015-08-25 06:14:23'),
('J043', '', 'Filler Restylane / Esthelis', 'Filler Restylane / Esthelis (13000/หลอด)', 13000.00, 1, '2015-08-25 06:20:24', '2015-08-30 02:28:09'),
('L011', '', 'Laser Pink Lip รายครั้ง', 'Laser Pink Lip รายครั้ง 2500 บาท', 2500.00, 1, '2015-08-25 03:58:07', '2015-08-25 03:58:07'),
('L012', '', 'Laser Pink Lip คอร์ส 5 ครั้ง', 'Laser Pink Lip คอร์ส 5 ครั้ง 9000 (2250*4)/5', 9000.00, 5, '2015-08-25 04:00:52', '2015-08-25 08:52:10'),
('L021', '', 'Laser Melasmic Clear รายครั้ง', 'Laser Melasmic Clear รายครั้ง 3500 บาท', 3500.00, 1, '2015-08-25 04:05:42', '2015-08-25 04:05:42'),
('L022', '', 'Laser Melasmic Clear คอร์ส 5 ครั้ง', 'Laser Melasmic Clear คอร์ส 5 ครั้ง 15000 (3750*4)/5', 15000.00, 5, '2015-08-25 04:08:24', '2015-08-25 08:53:18'),
('L031', '', 'Laser Tattoo รายครั้ง', 'Laser Tattoo รายครั้ง 5000 บาท', 5000.00, 1, '2015-08-25 04:16:03', '2015-08-25 04:16:03'),
('L032', '', 'Laser Tattoo คอร์ส 5 ครั้ง', 'Laser Tattoo คอร์ส 5 ครั้ง 17000 (4250*4)/5', 17000.00, 5, '2015-08-25 04:18:16', '2015-08-25 08:54:20'),
('L041', '', 'Laser Rejuvenation (IPL) รายครั้ง', 'Laser Rejuvenation (IPL) รายครั้ง 3500', 3500.00, 1, '2015-08-25 04:20:56', '2015-08-25 04:20:56'),
('L042', '', 'Laser Rejuvenation (IPL) คอร์ส 5 ครั้ง', 'Laser Rejuvenation (IPL) คอร์ส 5 ครั้ง 12000 บาท (3000*4)/5', 12000.00, 5, '2015-08-25 04:26:30', '2015-08-25 04:26:30'),
('L043', '', 'Laser Rejuvenation (IPL) คอร์ส 10 ครั้ง', 'Laser Rejuvenation (IPL) คอร์ส 10 ครั้ง 20000 บาท (2500*8)/10', 20000.00, 10, '2015-08-25 04:29:35', '2015-08-25 04:29:35'),
('L051', '', 'Laser Toning (Spectra) รายครั้ง', 'Laser Toning (Spectra) รายครั้ง 4500 บาท', 4500.00, 1, '2015-08-25 04:34:29', '2015-08-25 04:34:29'),
('L052', '', 'Laser Toning (Spectra) คอร์ส 5 ครั้ง', 'Laser Toning (Spectra) คอร์ส 5 ครั้ง 14000 (3500*4)/5', 14000.00, 5, '2015-08-25 04:37:27', '2015-08-25 04:37:27'),
('L053', '', 'Laser Toning (Spectra) คอร์ส 10 ครั้ง', 'Laser Toning (Spectra) คอร์ส 10 ครั้ง 25000 (3125*8)/10', 25000.00, 10, '2015-08-25 04:39:18', '2015-08-25 04:39:18'),
('L061', '', 'Laser CO2/เม็ด', 'Laser CO2 เม็ดละ 500+300 (ค่าเปิดเครื่อง)', 800.00, 1, '2015-08-25 05:10:55', '2015-08-25 05:10:55'),
('L071', '', 'Hair Remove รายครั้ง', 'Hair Remove รายครั้ง 3000 บาท', 3000.00, 1, '2015-08-25 03:49:34', '2015-08-25 03:49:34'),
('L072', '', 'Hair Remove หนวด 10 ครั้ง (80 Shots)', 'Hair Remove หนวด 10 ครั้ง (80 Shots) 6,000 บาท (1,500*4) /10', 6000.00, 10, '2015-08-25 03:15:46', '2015-08-25 08:55:47'),
('L073', '', 'Hair Remove รักแร้,เครา, คอร์ส 10 ครั้ง (100 Shots', 'Hair Remove รักแร้,เครา,คอร์ส 10 ครั้ง (100 Shots) 9000 (2250*4)/10', 9000.00, 10, '2015-08-25 03:29:56', '2015-08-25 08:57:01'),
('L074', '', 'Hair Remove แขนบน,แขนล่าง คอร์ส 10 ครั้ง (300 Shot', 'Hair Remove แขนบน,แขนล่าง คอร์ส 10 ครั้ง (300 Shots) 16000 (4000*4)/10', 16000.00, 10, '2015-08-25 03:34:20', '2015-08-25 08:57:41'),
('L075', '', 'Hair Remove ทั้งแขน คอร์ส 10 ครั้ง (500 Shots)', 'Hair Remove ทั้งแขน คอร์ส 10 ครั้ง (500 Shots) 30000 (7500*4)/10', 30000.00, 10, '2015-08-25 03:37:12', '2015-08-25 08:58:25'),
('L076', '', 'Hair Remove คอร์ส 10 ครั้ง (500 Shots)', 'Hair Remove ขาบน,ขาล่าง คอร์ส 10 ครั้ง (500 Shots) 26000 (ุ6500*4)/10', 26000.00, 10, '2015-08-25 03:41:04', '2015-08-25 08:59:04'),
('L077', '', 'Hair Remove ทั้งขา คอร์ส 10 ครั้ง (800 Shots)', 'Hair Remove ทั้งขา คอร์ส 10 ครั้ง (800 Shots) 40000 (10000*4) /10', 40000.00, 10, '2015-08-25 03:43:50', '2015-08-25 08:59:34'),
('L078', '', 'Hair Remove บิกินี่ คอร์ส 10 ครั้ง (300 Shots)', 'Hair Remove บิกินี่ คอร์ส 10 ครั้ง (300 Shots) 18000 (4500*4)/10', 18000.00, 10, '2015-08-25 03:47:28', '2015-08-25 09:00:07'),
('S001 ', '', 'ค่าบริการ', 'ค่าบริการทั่วไป', 200.00, 1, '2015-08-24 02:01:29', '2015-08-24 02:01:29'),
('S002', '', 'บรพ.', 'ใบรับรองแพทย์', 100.00, 1, '2015-08-24 02:02:38', '2015-08-24 02:02:38'),
('S003', '', 'ผลัดเซลล์', 'ผลัดเซลล์ผิวหน้าลดปัญหากระฝ้า จุดด่างดำ ผิวหน้าดูกระจ่างใสขึ้น', 300.00, 1, '2015-08-24 23:04:05', '2015-08-24 23:04:05'),
('S004', '', 'ปรึกษา', 'ปรึกษาแพทย์', 100.00, 1, '2015-08-25 02:08:22', '2015-08-25 02:08:22'),
('S005', '', 'กดสิวที่เตียง', 'กดสิว', 100.00, 1, '2015-08-25 02:09:41', '2015-08-25 02:09:41'),
('S006', '', 'ฉีดสิว', 'ฉีดสิวอักเสบ', 100.00, 1, '2015-08-25 02:15:22', '2015-08-25 02:15:22'),
('SGV', '', 'VESER', 'VESER (14000/จุด)', 14000.00, 1, '2015-08-25 06:26:45', '2015-08-25 06:26:45');

-- --------------------------------------------------------

--
-- โครงสร้างตาราง `course_medicine`
--

CREATE TABLE IF NOT EXISTS `course_medicine` (
  `course_id` varchar(255) COLLATE utf8_unicode_ci NOT NULL,
  `product_id` varchar(255) COLLATE utf8_unicode_ci NOT NULL,
  `qty` int(11) NOT NULL,
  `created_at` timestamp NOT NULL DEFAULT '0000-00-00 00:00:00',
  `updated_at` timestamp NOT NULL DEFAULT '0000-00-00 00:00:00',
  PRIMARY KEY (`course_id`,`product_id`)
) ENGINE=InnoDB DEFAULT CHARSET=utf8 COLLATE=utf8_unicode_ci;

--
-- dump ตาราง `course_medicine`
--

INSERT INTO `course_medicine` (`course_id`, `product_id`, `qty`, `created_at`, `updated_at`) VALUES
('A001', 'b011', 20, '2015-08-23 14:04:21', '2015-08-23 14:04:21'),
('A002', 'b016', 5, '2015-08-23 14:04:21', '2015-08-23 14:04:21'),
('A003', 'ad02', 3, '2015-08-23 14:04:21', '2015-08-23 14:04:21'),
('A004', 'ad03', 3, '2015-08-23 14:04:21', '2015-08-23 14:04:21'),
('A004', 'ad04', 3, '2015-08-23 14:04:21', '2015-08-23 14:04:21'),
('A005', 'b013', 3, '2015-08-23 14:04:21', '2015-08-23 14:04:21'),
('A005', 'b015', 3, '2015-08-23 14:04:21', '2015-08-23 14:04:21'),
('C051', 'X000', 0, '2015-08-25 08:41:07', '2015-08-25 08:41:07'),
('J011', 'J001', 50, '2015-08-25 05:32:12', '2015-08-25 05:32:12'),
('J012', 'J001', 100, '2015-08-25 05:37:41', '2015-08-25 05:37:41'),
('J021', 'J002', 50, '2015-08-25 05:52:03', '2015-08-25 05:52:03'),
('J022', 'J002', 100, '2015-08-25 05:54:55', '2015-08-25 05:54:55'),
('J031', 'J003', 50, '2015-08-25 05:57:56', '2015-08-25 05:57:56'),
('J032', 'J003', 100, '2015-08-25 05:59:12', '2015-08-25 05:59:12'),
('J041', 'J041', 1, '2015-08-25 06:12:22', '2015-08-25 06:12:22'),
('J042', 'J042', 1, '2015-08-25 06:14:23', '2015-08-25 06:14:23'),
('J043', 'J043', 1, '2015-08-25 06:20:24', '2015-08-25 06:20:24'),
('SL0001', 'ad02', 3, '2015-08-23 20:47:09', '2015-08-23 20:47:09'),
('SL0001', 'ad03', 3, '2015-08-23 20:47:09', '2015-08-23 20:47:09'),
('SL0001', 'b011', 3, '2015-08-23 20:47:09', '2015-08-23 20:47:09');

-- --------------------------------------------------------

--
-- โครงสร้างตาราง `course_type`
--

CREATE TABLE IF NOT EXISTS `course_type` (
  `ct_id` int(10) unsigned NOT NULL AUTO_INCREMENT,
  `name` varchar(50) COLLATE utf8_unicode_ci NOT NULL,
  `created_at` timestamp NOT NULL DEFAULT '0000-00-00 00:00:00',
  `updated_at` timestamp NOT NULL DEFAULT '0000-00-00 00:00:00',
  PRIMARY KEY (`ct_id`)
) ENGINE=InnoDB  DEFAULT CHARSET=utf8 COLLATE=utf8_unicode_ci AUTO_INCREMENT=7 ;

--
-- dump ตาราง `course_type`
--

INSERT INTO `course_type` (`ct_id`, `name`, `created_at`, `updated_at`) VALUES
(5, 'Laser', '2015-08-23 14:04:20', '2015-08-23 14:04:20'),
(6, 'Treatment', '2015-08-23 14:04:21', '2015-08-23 14:04:21');

-- --------------------------------------------------------

--
-- โครงสร้างตาราง `customer`
--

CREATE TABLE IF NOT EXISTS `customer` (
  `cus_id` int(10) unsigned NOT NULL AUTO_INCREMENT,
  `cus_name` varchar(50) COLLATE utf8_unicode_ci NOT NULL,
  `cus_birthday_day` varchar(20) COLLATE utf8_unicode_ci NOT NULL,
  `cus_birthday_month` varchar(20) COLLATE utf8_unicode_ci NOT NULL,
  `cus_birthday_year` varchar(20) COLLATE utf8_unicode_ci NOT NULL,
  `cus_sex` varchar(5) COLLATE utf8_unicode_ci NOT NULL,
  `cus_blood` varchar(3) COLLATE utf8_unicode_ci NOT NULL,
  `cus_code` varchar(18) COLLATE utf8_unicode_ci NOT NULL,
  `cus_tel` varchar(10) COLLATE utf8_unicode_ci NOT NULL,
  `cus_phone` varchar(10) COLLATE utf8_unicode_ci NOT NULL,
  `cus_email` varchar(60) COLLATE utf8_unicode_ci NOT NULL,
  `cus_reg` date NOT NULL,
  `allergic` text COLLATE utf8_unicode_ci NOT NULL,
  `disease` text COLLATE utf8_unicode_ci NOT NULL,
  `cus_height` int(11) NOT NULL,
  `cus_weight` int(11) NOT NULL,
  `cus_hno` varchar(10) COLLATE utf8_unicode_ci NOT NULL,
  `cus_moo` varchar(2) COLLATE utf8_unicode_ci NOT NULL,
  `cus_soi` varchar(30) COLLATE utf8_unicode_ci NOT NULL,
  `cus_road` varchar(30) COLLATE utf8_unicode_ci NOT NULL,
  `cus_subdis` varchar(30) COLLATE utf8_unicode_ci NOT NULL,
  `cus_district` varchar(30) COLLATE utf8_unicode_ci NOT NULL,
  `cus_province` varchar(30) COLLATE utf8_unicode_ci NOT NULL,
  `cus_postal` varchar(10) COLLATE utf8_unicode_ci NOT NULL,
  `branch_id` int(11) DEFAULT NULL,
  `pic_id` int(11) DEFAULT NULL,
  `created_at` timestamp NOT NULL DEFAULT '0000-00-00 00:00:00',
  `updated_at` timestamp NOT NULL DEFAULT '0000-00-00 00:00:00',
  PRIMARY KEY (`cus_id`)
) ENGINE=InnoDB  DEFAULT CHARSET=utf8 COLLATE=utf8_unicode_ci AUTO_INCREMENT=510004 ;

--
-- dump ตาราง `customer`
--

INSERT INTO `customer` (`cus_id`, `cus_name`, `cus_birthday_day`, `cus_birthday_month`, `cus_birthday_year`, `cus_sex`, `cus_blood`, `cus_code`, `cus_tel`, `cus_phone`, `cus_email`, `cus_reg`, `allergic`, `disease`, `cus_height`, `cus_weight`, `cus_hno`, `cus_moo`, `cus_soi`, `cus_road`, `cus_subdis`, `cus_district`, `cus_province`, `cus_postal`, `branch_id`, `pic_id`, `created_at`, `updated_at`) VALUES
(510003, 'จันทินี นาวีว่อง', '17', 'มีนาคม', '2549', 'หญิง', 'B', '1111111111111', '0818683146', '', 'A@D.COM', '0000-00-00', '', '', 0, 0, '', '', '', '', '', '', 'กรุงเทพมหานคร', '10270', NULL, NULL, '2015-09-01 03:01:46', '2015-09-01 04:19:50');

-- --------------------------------------------------------

--
-- โครงสร้างตาราง `customer_event`
--

CREATE TABLE IF NOT EXISTS `customer_event` (
  `event_id` int(10) unsigned NOT NULL AUTO_INCREMENT,
  `customer_id` int(11) NOT NULL,
  `event_name` varchar(255) COLLATE utf8_unicode_ci NOT NULL,
  `event_start` datetime NOT NULL,
  `event_end` datetime NOT NULL,
  `event_status` varchar(255) COLLATE utf8_unicode_ci NOT NULL,
  `color` varchar(255) COLLATE utf8_unicode_ci NOT NULL,
  `created_at` timestamp NOT NULL DEFAULT '0000-00-00 00:00:00',
  `updated_at` timestamp NOT NULL DEFAULT '0000-00-00 00:00:00',
  PRIMARY KEY (`event_id`)
) ENGINE=InnoDB  DEFAULT CHARSET=utf8 COLLATE=utf8_unicode_ci AUTO_INCREMENT=2 ;

-- --------------------------------------------------------

--
-- โครงสร้างตาราง `customer_photo`
--

CREATE TABLE IF NOT EXISTS `customer_photo` (
  `photo_id` int(10) unsigned NOT NULL AUTO_INCREMENT,
  `branch_id` int(11) NOT NULL,
  `emp_id` int(11) NOT NULL,
  `cus_id` int(11) NOT NULL,
  `photo_type` enum('Before','After') COLLATE utf8_unicode_ci NOT NULL,
  `photo_file_name` varchar(255) COLLATE utf8_unicode_ci NOT NULL,
  `created_at` timestamp NOT NULL DEFAULT '0000-00-00 00:00:00',
  `updated_at` timestamp NOT NULL DEFAULT '0000-00-00 00:00:00',
  PRIMARY KEY (`photo_id`)
) ENGINE=InnoDB DEFAULT CHARSET=utf8 COLLATE=utf8_unicode_ci AUTO_INCREMENT=1 ;

-- --------------------------------------------------------

--
-- โครงสร้างตาราง `doctor_event`
--

CREATE TABLE IF NOT EXISTS `doctor_event` (
  `event_id` int(10) unsigned NOT NULL AUTO_INCREMENT,
  `dr_id` int(11) NOT NULL,
  `event_name` varchar(255) COLLATE utf8_unicode_ci NOT NULL,
  `event_start` datetime NOT NULL,
  `event_end` datetime NOT NULL,
  `event_status` varchar(255) COLLATE utf8_unicode_ci NOT NULL,
  `color` varchar(255) COLLATE utf8_unicode_ci NOT NULL,
  `created_at` timestamp NOT NULL DEFAULT '0000-00-00 00:00:00',
  `updated_at` timestamp NOT NULL DEFAULT '0000-00-00 00:00:00',
  PRIMARY KEY (`event_id`)
) ENGINE=InnoDB DEFAULT CHARSET=utf8 COLLATE=utf8_unicode_ci AUTO_INCREMENT=1 ;

-- --------------------------------------------------------

--
-- โครงสร้างตาราง `installment`
--

CREATE TABLE IF NOT EXISTS `installment` (
  `ins_id` int(10) unsigned NOT NULL AUTO_INCREMENT,
  `ins_price` int(11) NOT NULL,
  `ins_balance` int(11) NOT NULL,
  PRIMARY KEY (`ins_id`)
) ENGINE=InnoDB DEFAULT CHARSET=utf8 COLLATE=utf8_unicode_ci AUTO_INCREMENT=1 ;

-- --------------------------------------------------------

--
-- โครงสร้างตาราง `inventory_transaction`
--

CREATE TABLE IF NOT EXISTS `inventory_transaction` (
  `inv_id` int(10) unsigned NOT NULL AUTO_INCREMENT,
  `product_id` varchar(255) COLLATE utf8_unicode_ci NOT NULL,
  `treatment_id` int(10) unsigned DEFAULT NULL,
  `sales_id` int(10) unsigned DEFAULT NULL,
  `received_id` int(10) unsigned DEFAULT NULL,
  `return_id` int(10) unsigned DEFAULT NULL,
  `branch_id` int(10) unsigned DEFAULT NULL,
  `qty` int(11) NOT NULL,
  `expiry_date` date NOT NULL,
  `type` varchar(255) COLLATE utf8_unicode_ci NOT NULL,
  `created_at` timestamp NOT NULL DEFAULT '0000-00-00 00:00:00',
  `updated_at` timestamp NOT NULL DEFAULT '0000-00-00 00:00:00',
  PRIMARY KEY (`inv_id`)
) ENGINE=InnoDB DEFAULT CHARSET=utf8 COLLATE=utf8_unicode_ci AUTO_INCREMENT=1 ;

-- --------------------------------------------------------

--
-- โครงสร้างตาราง `migrations`
--

CREATE TABLE IF NOT EXISTS `migrations` (
  `migration` varchar(255) COLLATE utf8_unicode_ci NOT NULL,
  `batch` int(11) NOT NULL
) ENGINE=InnoDB DEFAULT CHARSET=utf8 COLLATE=utf8_unicode_ci;

--
-- dump ตาราง `migrations`
--

INSERT INTO `migrations` (`migration`, `batch`) VALUES
('2014_10_12_000000_create_users_table', 1),
('2014_10_12_100000_create_password_resets_table', 1),
('2015_06_29_152627_create_table_branch', 1),
('2015_06_29_154030_create_table_customer', 1),
('2015_06_29_155559_create_table_vendor', 1),
('2015_06_29_155848_create_table_product_type', 1),
('2015_06_30_104558_create_table_quotations', 1),
('2015_06_30_104813_create_table_product', 1),
('2015_06_30_104952_create_table_product_group', 1),
('2015_06_30_105055_create_table_order', 1),
('2015_06_30_171054_create_table_product_detail', 1),
('2015_07_21_061618_create_table_installment', 1),
('2015_07_21_062204_create_table_inventory', 1),
('2015_07_21_090738_create_table_receive', 1),
('2015_07_21_211007_create_Course_System', 1),
('2015_07_22_155718_create_table_doctor_event', 1),
('2015_07_23_135417_create_treat_history', 1),
('2015_07_25_233304_create_table_customer_event', 1),
('2015_07_26_155941_create_sales', 1),
('2015_07_30_144531_create_session_table', 1),
('2015_07_31_152308_create_Payment_System', 1),
('2015_08_02_022526_create_setting_table', 1),
('2015_08_07_162252_create_table_produce', 1),
('2015_08_07_181233_entrust_setup_tables', 1),
('2015_08_08_085027_create_table_picture', 1),
('2015_08_14_172804_create_return', 1),
('2015_08_22_200902_create_table_system_logs', 1);

-- --------------------------------------------------------

--
-- โครงสร้างตาราง `order`
--

CREATE TABLE IF NOT EXISTS `order` (
  `order_id` int(10) unsigned NOT NULL AUTO_INCREMENT,
  `ven_id` int(11) NOT NULL,
  `emp_id` int(11) NOT NULL,
  `order_date` date NOT NULL,
  `order_total` int(11) NOT NULL,
  `vat` enum('true','false') COLLATE utf8_unicode_ci NOT NULL,
  `vat_rate` int(11) NOT NULL,
  `order_status` enum('WAITING','PENDING','CLOSE','CANCEL') COLLATE utf8_unicode_ci NOT NULL,
  `branch_id` int(11) DEFAULT NULL,
  `created_at` timestamp NOT NULL DEFAULT '0000-00-00 00:00:00',
  `updated_at` timestamp NOT NULL DEFAULT '0000-00-00 00:00:00',
  PRIMARY KEY (`order_id`)
) ENGINE=InnoDB  DEFAULT CHARSET=utf8 COLLATE=utf8_unicode_ci AUTO_INCREMENT=9 ;

--
-- dump ตาราง `order`
--

INSERT INTO `order` (`order_id`, `ven_id`, `emp_id`, `order_date`, `order_total`, `vat`, `vat_rate`, `order_status`, `branch_id`, `created_at`, `updated_at`) VALUES
(1, 123, 100000, '2015-08-23', 1000, 'false', 7, 'CLOSE', 10, '2015-08-23 13:27:15', '2015-08-23 13:28:46'),
(2, 0, 100000, '0000-00-00', 0, 'true', 7, 'WAITING', 10, '2015-08-23 13:27:53', '2015-08-23 13:28:22'),
(3, 123, 100000, '2015-08-23', 5000, 'false', 7, 'PENDING', 10, '2015-08-23 13:47:44', '2015-08-23 13:48:00'),
(4, 123, 100000, '2015-08-23', 5000, 'false', 7, 'CLOSE', 10, '2015-08-23 13:49:36', '2015-08-23 13:50:56'),
(5, 0, 100000, '0000-00-00', 0, 'false', 7, 'WAITING', 10, '2015-08-23 13:49:52', '2015-08-23 13:49:52'),
(6, 1, 100014, '2015-08-24', 30000, 'true', 7, 'CLOSE', 10, '2015-08-23 20:52:07', '2015-08-23 20:57:16'),
(7, 1, 100014, '2015-08-24', 30000, 'false', 7, 'CLOSE', 10, '2015-08-23 20:55:02', '2015-08-23 22:04:18'),
(8, 0, 100014, '0000-00-00', 0, 'false', 7, 'WAITING', 10, '2015-08-23 22:01:16', '2015-08-30 09:59:03');

-- --------------------------------------------------------

--
-- โครงสร้างตาราง `order_detail`
--

CREATE TABLE IF NOT EXISTS `order_detail` (
  `order_id` int(10) unsigned NOT NULL,
  `product_id` varchar(255) COLLATE utf8_unicode_ci NOT NULL,
  `order_de_qty` int(11) NOT NULL,
  `order_de_price` decimal(10,2) NOT NULL,
  `order_de_discount` int(11) NOT NULL,
  `order_de_disamount` decimal(10,2) NOT NULL,
  `order_de_total` decimal(10,2) NOT NULL,
  `created_at` timestamp NOT NULL DEFAULT '0000-00-00 00:00:00',
  `updated_at` timestamp NOT NULL DEFAULT '0000-00-00 00:00:00',
  PRIMARY KEY (`order_id`,`product_id`)
) ENGINE=InnoDB DEFAULT CHARSET=utf8 COLLATE=utf8_unicode_ci;

-- --------------------------------------------------------

--
-- โครงสร้างตาราง `password_resets`
--

CREATE TABLE IF NOT EXISTS `password_resets` (
  `email` varchar(255) COLLATE utf8_unicode_ci NOT NULL,
  `token` varchar(255) COLLATE utf8_unicode_ci NOT NULL,
  `created_at` timestamp NOT NULL DEFAULT '0000-00-00 00:00:00',
  KEY `password_resets_email_index` (`email`),
  KEY `password_resets_token_index` (`token`)
) ENGINE=InnoDB DEFAULT CHARSET=utf8 COLLATE=utf8_unicode_ci;

-- --------------------------------------------------------

--
-- โครงสร้างตาราง `payment`
--

CREATE TABLE IF NOT EXISTS `payment` (
  `payment_id` int(10) unsigned NOT NULL AUTO_INCREMENT,
  `quo_de_id` int(11) NOT NULL,
  `sales_id` int(11) NOT NULL,
  `cus_id` int(11) NOT NULL,
  `payment_type` enum('PAID_IN_FULL','PAYABLE','PAY_BY_COURSE') COLLATE utf8_unicode_ci NOT NULL,
  `payment_status` enum('REMAIN','FULLY_PAID') COLLATE utf8_unicode_ci NOT NULL,
  `created_at` timestamp NOT NULL DEFAULT '0000-00-00 00:00:00',
  `updated_at` timestamp NOT NULL DEFAULT '0000-00-00 00:00:00',
  PRIMARY KEY (`payment_id`)
) ENGINE=InnoDB  DEFAULT CHARSET=utf8 COLLATE=utf8_unicode_ci AUTO_INCREMENT=1070000017 ;

--
-- dump ตาราง `payment`
--

INSERT INTO `payment` (`payment_id`, `quo_de_id`, `sales_id`, `cus_id`, `payment_type`, `payment_status`, `created_at`, `updated_at`) VALUES
(1, 1, 0, 510000, 'PAID_IN_FULL', 'FULLY_PAID', '2015-08-23 13:26:23', '2015-08-23 13:26:24'),
(2, 2, 0, 510000, 'PAID_IN_FULL', 'FULLY_PAID', '2015-08-23 13:47:07', '2015-08-23 13:47:07'),
(3, 4, 0, 510002, 'PAID_IN_FULL', 'FULLY_PAID', '2015-08-23 21:04:34', '2015-08-23 21:04:34'),
(4, 6, 0, 510002, 'PAID_IN_FULL', 'FULLY_PAID', '2015-08-23 21:32:41', '2015-08-23 21:32:41'),
(5, 7, 0, 510002, 'PAID_IN_FULL', 'FULLY_PAID', '2015-08-23 21:43:57', '2015-08-23 21:43:57'),
(6, 8, 0, 510002, 'PAID_IN_FULL', 'FULLY_PAID', '2015-08-23 21:47:11', '2015-08-23 21:47:11'),
(1070000001, 1020000003, 0, 510003, 'PAID_IN_FULL', 'FULLY_PAID', '2015-09-01 03:02:56', '2015-09-01 03:02:56'),
(1070000002, 1020000004, 0, 510003, 'PAID_IN_FULL', 'FULLY_PAID', '2015-09-01 03:08:53', '2015-09-01 03:08:53'),
(1070000003, 1020000005, 0, 510003, 'PAID_IN_FULL', 'FULLY_PAID', '2015-09-01 03:10:18', '2015-09-01 03:10:18'),
(1070000004, 1020000006, 0, 510003, 'PAID_IN_FULL', 'FULLY_PAID', '2015-09-01 03:14:53', '2015-09-01 03:14:53'),
(1070000005, 1020000007, 0, 510003, 'PAID_IN_FULL', 'FULLY_PAID', '2015-09-01 03:49:47', '2015-09-01 03:49:47'),
(1070000006, 1020000008, 0, 510003, 'PAID_IN_FULL', 'FULLY_PAID', '2015-09-01 03:55:23', '2015-09-01 03:55:23'),
(1070000007, 1020000009, 0, 510003, 'PAID_IN_FULL', 'FULLY_PAID', '2015-09-01 03:59:05', '2015-09-01 03:59:05'),
(1070000008, 1020000010, 0, 510003, 'PAID_IN_FULL', 'FULLY_PAID', '2015-09-01 04:01:38', '2015-09-01 04:01:38'),
(1070000009, 1020000011, 0, 510003, 'PAID_IN_FULL', 'FULLY_PAID', '2015-09-01 04:03:39', '2015-09-01 04:03:39'),
(1070000010, 1020000012, 0, 510003, 'PAID_IN_FULL', 'FULLY_PAID', '2015-09-01 04:20:50', '2015-09-01 04:20:50'),
(1070000011, 1020000013, 0, 510003, 'PAID_IN_FULL', 'FULLY_PAID', '2015-09-01 04:22:33', '2015-09-01 04:22:33'),
(1070000012, 1020000014, 0, 510003, 'PAID_IN_FULL', 'FULLY_PAID', '2015-09-01 04:25:58', '2015-09-01 04:25:58'),
(1070000013, 1020000015, 0, 510003, 'PAID_IN_FULL', 'FULLY_PAID', '2015-09-01 04:27:38', '2015-09-01 04:27:38'),
(1070000014, 1020000016, 0, 510003, 'PAID_IN_FULL', 'FULLY_PAID', '2015-09-01 04:29:32', '2015-09-01 04:29:32'),
(1070000015, 1020000017, 0, 510003, 'PAID_IN_FULL', 'FULLY_PAID', '2015-09-01 05:21:20', '2015-09-01 05:21:20'),
(1070000016, 1020000018, 0, 510003, 'PAID_IN_FULL', 'FULLY_PAID', '2015-09-01 20:09:23', '2015-09-01 20:09:23');

-- --------------------------------------------------------

--
-- โครงสร้างตาราง `payment_bank`
--

CREATE TABLE IF NOT EXISTS `payment_bank` (
  `bank_id` int(10) unsigned NOT NULL AUTO_INCREMENT,
  `bank_name` varchar(255) COLLATE utf8_unicode_ci NOT NULL,
  `created_at` timestamp NOT NULL DEFAULT '0000-00-00 00:00:00',
  `updated_at` timestamp NOT NULL DEFAULT '0000-00-00 00:00:00',
  PRIMARY KEY (`bank_id`)
) ENGINE=InnoDB  DEFAULT CHARSET=utf8 COLLATE=utf8_unicode_ci AUTO_INCREMENT=25 ;

--
-- dump ตาราง `payment_bank`
--

INSERT INTO `payment_bank` (`bank_id`, `bank_name`, `created_at`, `updated_at`) VALUES
(13, 'ธนาคาร ซิตี้', '2015-08-23 14:04:25', '2015-08-23 14:04:25'),
(14, 'ธนาคารกรุงไทย', '2015-08-23 14:04:25', '2015-08-23 14:04:25'),
(15, 'ธนาคารกรุงศรีอยุธยา', '2015-08-23 14:04:26', '2015-08-23 14:04:26'),
(16, 'ธนาคารไทยพาณิชย์', '2015-08-23 14:04:26', '2015-08-23 14:04:26'),
(17, 'ธนาคารกรุงเทพ', '2015-08-23 14:04:26', '2015-08-23 14:04:26'),
(18, 'ธนาคารยูโอบี', '2015-08-23 14:04:26', '2015-08-23 14:04:26'),
(19, 'ธนาคารกสิกรไทย', '2015-08-23 14:04:26', '2015-08-23 14:04:26'),
(20, 'ธนาคารซีไอเอ็มบีไทย', '2015-08-23 14:04:26', '2015-08-23 14:04:26'),
(21, 'ธนาคารทหารไทย', '2015-08-23 14:04:26', '2015-08-23 14:04:26'),
(22, 'ธนาคารธนชาต', '2015-08-23 14:04:26', '2015-08-23 14:04:26'),
(23, 'ธนาคารแลนด์ แอนด์ เฮาส์', '2015-08-23 14:04:26', '2015-08-23 14:04:26'),
(24, 'ธนาคารออมสิน', '2015-08-23 14:04:26', '2015-08-23 14:04:26');

-- --------------------------------------------------------

--
-- โครงสร้างตาราง `payment_detail`
--

CREATE TABLE IF NOT EXISTS `payment_detail` (
  `payment_de_id` int(10) unsigned NOT NULL AUTO_INCREMENT,
  `payment_id` int(10) unsigned NOT NULL,
  `bank_id` int(11) NOT NULL,
  `emp_id` int(11) NOT NULL,
  `branch_id` int(11) NOT NULL,
  `payment_type` enum('CASH','DEBIT','CREDIT') COLLATE utf8_unicode_ci NOT NULL,
  `card_id` varchar(255) COLLATE utf8_unicode_ci NOT NULL,
  `edc_id` varchar(255) COLLATE utf8_unicode_ci NOT NULL,
  `amount` decimal(12,2) NOT NULL,
  `vat_amount` decimal(12,2) NOT NULL,
  `created_at` timestamp NOT NULL DEFAULT '0000-00-00 00:00:00',
  `updated_at` timestamp NOT NULL DEFAULT '0000-00-00 00:00:00',
  PRIMARY KEY (`payment_de_id`),
  KEY `payment_detail_payment_id_foreign` (`payment_id`)
) ENGINE=InnoDB  DEFAULT CHARSET=utf8 COLLATE=utf8_unicode_ci AUTO_INCREMENT=1075000017 ;

--
-- dump ตาราง `payment_detail`
--

INSERT INTO `payment_detail` (`payment_de_id`, `payment_id`, `bank_id`, `emp_id`, `branch_id`, `payment_type`, `card_id`, `edc_id`, `amount`, `vat_amount`, `created_at`, `updated_at`) VALUES
(1, 1, 9, 100000, 10, 'CREDIT', '1010110', '10110110', 10000.00, 0.00, '2015-08-23 13:26:23', '2015-08-23 13:26:23'),
(2, 2, 0, 100000, 10, 'CASH', '', '', 10000.00, 0.00, '2015-08-23 13:47:07', '2015-08-23 13:47:07'),
(3, 3, 0, 100014, 10, 'CASH', '', '', 6000.00, 0.00, '2015-08-23 21:04:34', '2015-08-23 21:04:34'),
(4, 4, 0, 100016, 10, 'CASH', '', '', 6000.00, 0.00, '2015-08-23 21:32:41', '2015-08-23 21:32:41'),
(5, 5, 0, 100016, 10, 'CASH', '', '', 6000.00, 0.00, '2015-08-23 21:43:57', '2015-08-23 21:43:57'),
(6, 6, 0, 100016, 10, 'CASH', '', '', 6000.00, 0.00, '2015-08-23 21:47:11', '2015-08-23 21:47:11'),
(1075000001, 1070000001, 0, 100014, 10, 'CASH', '', '', 300.00, 0.00, '2015-09-01 03:02:56', '2015-09-01 03:02:56'),
(1075000002, 1070000002, 0, 100014, 10, 'CASH', '', '', 300.00, 0.00, '2015-09-01 03:08:53', '2015-09-01 03:08:53'),
(1075000003, 1070000003, 0, 100014, 10, 'CASH', '', '', 300.00, 0.00, '2015-09-01 03:10:18', '2015-09-01 03:10:18'),
(1075000004, 1070000004, 0, 100014, 10, 'CASH', '', '', 300.00, 0.00, '2015-09-01 03:14:53', '2015-09-01 03:14:53'),
(1075000005, 1070000005, 0, 100014, 10, 'CASH', '', '', 300.00, 0.00, '2015-09-01 03:49:47', '2015-09-01 03:49:47'),
(1075000006, 1070000006, 0, 100014, 10, 'CASH', '', '', 300.00, 0.00, '2015-09-01 03:55:23', '2015-09-01 03:55:23'),
(1075000007, 1070000007, 0, 100014, 10, 'CASH', '', '', 300.00, 0.00, '2015-09-01 03:59:05', '2015-09-01 03:59:05'),
(1075000008, 1070000008, 0, 100014, 10, 'CASH', '', '', 300.00, 0.00, '2015-09-01 04:01:38', '2015-09-01 04:01:38'),
(1075000009, 1070000009, 0, 100014, 10, 'CASH', '', '', 300.00, 0.00, '2015-09-01 04:03:39', '2015-09-01 04:03:39'),
(1075000010, 1070000010, 0, 100014, 10, 'CASH', '', '', 300.00, 0.00, '2015-09-01 04:20:50', '2015-09-01 04:20:50'),
(1075000011, 1070000011, 0, 100014, 10, 'CASH', '', '', 300.00, 0.00, '2015-09-01 04:22:33', '2015-09-01 04:22:33'),
(1075000012, 1070000012, 0, 100014, 10, 'CASH', '', '', 300.00, 0.00, '2015-09-01 04:25:58', '2015-09-01 04:25:58'),
(1075000013, 1070000013, 0, 100014, 10, 'CASH', '', '', 300.00, 0.00, '2015-09-01 04:27:38', '2015-09-01 04:27:38'),
(1075000014, 1070000014, 0, 100014, 10, 'CASH', '', '', 300.00, 0.00, '2015-09-01 04:29:32', '2015-09-01 04:29:32'),
(1075000015, 1070000015, 0, 100014, 10, 'CASH', '', '', 300.00, 0.00, '2015-09-01 05:21:20', '2015-09-01 05:21:20'),
(1075000016, 1070000016, 0, 100014, 10, 'CASH', '', '', 300.00, 0.00, '2015-09-01 20:09:23', '2015-09-01 20:09:23');

-- --------------------------------------------------------

--
-- โครงสร้างตาราง `permissions`
--

CREATE TABLE IF NOT EXISTS `permissions` (
  `id` int(10) unsigned NOT NULL AUTO_INCREMENT,
  `name` varchar(255) COLLATE utf8_unicode_ci NOT NULL,
  `display_name` varchar(255) COLLATE utf8_unicode_ci DEFAULT NULL,
  `description` varchar(255) COLLATE utf8_unicode_ci DEFAULT NULL,
  `created_at` timestamp NOT NULL DEFAULT '0000-00-00 00:00:00',
  `updated_at` timestamp NOT NULL DEFAULT '0000-00-00 00:00:00',
  PRIMARY KEY (`id`),
  UNIQUE KEY `permissions_name_unique` (`name`)
) ENGINE=InnoDB  DEFAULT CHARSET=utf8 COLLATE=utf8_unicode_ci AUTO_INCREMENT=25 ;

--
-- dump ตาราง `permissions`
--

INSERT INTO `permissions` (`id`, `name`, `display_name`, `description`, `created_at`, `updated_at`) VALUES
(1, 'customer-read', 'ดูข้อมูลลูกค้า', NULL, '0000-00-00 00:00:00', '0000-00-00 00:00:00'),
(2, 'customer-create', 'เพิ่มข้อมูลลูกค้า', NULL, '0000-00-00 00:00:00', '0000-00-00 00:00:00'),
(3, 'customer-delete', 'ลบลูกค้า', NULL, '0000-00-00 00:00:00', '0000-00-00 00:00:00'),
(4, 'customer-edit', 'แก้ไขข้อมูลลูกค้า', NULL, '0000-00-00 00:00:00', '0000-00-00 00:00:00'),
(5, 'order-order', 'สั่งสิ้นค้า', NULL, '0000-00-00 00:00:00', '0000-00-00 00:00:00'),
(6, 'quo', 'ขายคอร์ส', NULL, '0000-00-00 00:00:00', '0000-00-00 00:00:00'),
(7, 'emp', 'การจัดการพนักงาน', NULL, '0000-00-00 00:00:00', '0000-00-00 00:00:00'),
(8, 'course', 'เพิ่ม แก้ไข และลบคอร์ส', NULL, '0000-00-00 00:00:00', '0000-00-00 00:00:00'),
(9, 'course-read', 'ดูข้อมูลคอร์ส', NULL, '0000-00-00 00:00:00', '0000-00-00 00:00:00'),
(10, 'product-group', 'เพิ่ม ลบ และแก้ไขกลุ่มสินค้า', NULL, '0000-00-00 00:00:00', '0000-00-00 00:00:00'),
(11, 'receive-return', 'รับสินค้าและคืนสินค้า', NULL, '0000-00-00 00:00:00', '0000-00-00 00:00:00'),
(12, 'treatment', 'รักษา', NULL, '0000-00-00 00:00:00', '0000-00-00 00:00:00'),
(13, 'sales', 'POS', NULL, '0000-00-00 00:00:00', '0000-00-00 00:00:00'),
(14, 'report', 'รายงาน', NULL, '0000-00-00 00:00:00', '0000-00-00 00:00:00'),
(15, 'dr-working', 'ตารางการทำงานหมอ', NULL, '0000-00-00 00:00:00', '0000-00-00 00:00:00'),
(16, 'appointment', 'ตารางนัดลูกค้า', NULL, '0000-00-00 00:00:00', '0000-00-00 00:00:00'),
(17, 'product', 'เพิ่ม แก้ไข และลบสินค้า', NULL, '0000-00-00 00:00:00', '0000-00-00 00:00:00'),
(18, 'product-read', 'ดูข้อมูลสินค้า', NULL, '0000-00-00 00:00:00', '0000-00-00 00:00:00'),
(19, 'branch', 'การจัดการสาขา', NULL, '0000-00-00 00:00:00', '0000-00-00 00:00:00'),
(20, 'vendor', 'การจัดการ suppiler', NULL, '0000-00-00 00:00:00', '0000-00-00 00:00:00'),
(21, 'course-type', 'เพิ่ม ลบ และแก้ไขประเภทคอร์ส', NULL, '0000-00-00 00:00:00', '0000-00-00 00:00:00'),
(22, 'payment', 'ชำระเงิน', NULL, '0000-00-00 00:00:00', '0000-00-00 00:00:00'),
(23, 'setting', 'ตั้งค่า', NULL, '0000-00-00 00:00:00', '0000-00-00 00:00:00'),
(24, 'permission', 'กำหนดสิทธิ', NULL, '0000-00-00 00:00:00', '0000-00-00 00:00:00');

-- --------------------------------------------------------

--
-- โครงสร้างตาราง `permission_role`
--

CREATE TABLE IF NOT EXISTS `permission_role` (
  `permission_id` int(10) unsigned NOT NULL,
  `role_id` int(10) unsigned NOT NULL,
  PRIMARY KEY (`permission_id`,`role_id`),
  KEY `permission_role_role_id_foreign` (`role_id`)
) ENGINE=InnoDB DEFAULT CHARSET=utf8 COLLATE=utf8_unicode_ci;

--
-- dump ตาราง `permission_role`
--

INSERT INTO `permission_role` (`permission_id`, `role_id`) VALUES
(5, 2),
(11, 2),
(10, 3),
(17, 3),
(18, 3),
(14, 5),
(1, 6),
(2, 6),
(3, 6),
(4, 6),
(6, 6),
(12, 6),
(13, 6),
(16, 6),
(18, 6),
(22, 6),
(5, 11),
(6, 11),
(7, 11),
(8, 11),
(9, 11),
(10, 11),
(11, 11),
(12, 11),
(14, 11),
(15, 11),
(17, 11),
(18, 11),
(19, 11),
(20, 11),
(21, 11),
(22, 11),
(1, 95),
(2, 95),
(3, 95),
(4, 95),
(5, 95),
(6, 95),
(7, 95),
(8, 95),
(9, 95),
(10, 95),
(11, 95),
(12, 95),
(13, 95),
(14, 95),
(15, 95),
(16, 95),
(17, 95),
(18, 95),
(19, 95),
(20, 95),
(21, 95),
(22, 95),
(1, 99),
(2, 99),
(3, 99),
(4, 99),
(5, 99),
(6, 99),
(7, 99),
(8, 99),
(9, 99),
(10, 99),
(11, 99),
(12, 99),
(13, 99),
(14, 99),
(15, 99),
(16, 99),
(17, 99),
(18, 99),
(19, 99),
(20, 99),
(21, 99),
(22, 99),
(23, 99),
(24, 99);

-- --------------------------------------------------------

--
-- โครงสร้างตาราง `position`
--

CREATE TABLE IF NOT EXISTS `position` (
  `position_id` int(10) unsigned NOT NULL AUTO_INCREMENT,
  `position_name` varchar(255) COLLATE utf8_unicode_ci NOT NULL,
  `role` int(10) unsigned NOT NULL,
  `created_at` timestamp NOT NULL DEFAULT '0000-00-00 00:00:00',
  `updated_at` timestamp NOT NULL DEFAULT '0000-00-00 00:00:00',
  PRIMARY KEY (`position_id`)
) ENGINE=InnoDB DEFAULT CHARSET=utf8 COLLATE=utf8_unicode_ci AUTO_INCREMENT=1 ;

-- --------------------------------------------------------

--
-- โครงสร้างตาราง `product`
--

CREATE TABLE IF NOT EXISTS `product` (
  `product_id` varchar(255) COLLATE utf8_unicode_ci NOT NULL,
  `pg_id` int(11) NOT NULL,
  `product_name` varchar(30) COLLATE utf8_unicode_ci NOT NULL,
  `product_qty_order` int(11) NOT NULL,
  `product_price` int(11) NOT NULL,
  `product_unit` varchar(10) COLLATE utf8_unicode_ci NOT NULL,
  `created_at` timestamp NOT NULL DEFAULT '0000-00-00 00:00:00',
  `updated_at` timestamp NOT NULL DEFAULT '0000-00-00 00:00:00'
) ENGINE=InnoDB DEFAULT CHARSET=utf8 COLLATE=utf8_unicode_ci;

--
-- dump ตาราง `product`
--

INSERT INTO `product` (`product_id`, `pg_id`, `product_name`, `product_qty_order`, `product_price`, `product_unit`, `created_at`, `updated_at`) VALUES
('J002', 1, 'Botox NB', 5, 19000, 'Unit', '2015-08-24 00:22:44', '2015-08-24 00:23:51'),
('J003', 1, 'Botox N', 5, 14000, 'Unit', '2015-08-24 00:25:28', '2015-08-24 00:25:28'),
('M017', 2, 'A', 1000, 10, 'เม็ด', '2015-08-24 00:38:11', '2015-08-24 00:38:11'),
('M018', 2, 'C', 1000, 10, 'เม็ด', '2015-08-24 00:39:00', '2015-08-24 00:39:00'),
('J001', 1, 'Botox A', 5, 20000, 'Unit', '2015-08-24 00:39:14', '2015-08-24 00:39:14'),
('M019', 2, 'D', 1000, 10, 'เม็ด', '2015-08-24 00:39:30', '2015-08-24 00:39:30'),
('M020', 2, 'Pred', 1000, 10, 'เม็ด', '2015-08-24 00:40:05', '2015-08-24 00:40:05'),
('J041', 1, 'Voluma', 4, 20000, 'หลอด', '2015-08-24 00:40:34', '2015-08-24 00:40:34'),
('M021', 2, 'Vit C', 1000, 10, 'เม็ด', '2015-08-24 00:40:36', '2015-08-24 00:40:36'),
('M022', 2, 'Denzen', 1000, 10, 'เม็ด', '2015-08-24 00:41:14', '2015-08-24 00:41:14'),
('M023', 2, 'Acnotin', 1000, 25, 'เม็ด', '2015-08-24 00:41:46', '2015-08-24 00:41:46'),
('M024', 2, 'JA White', 1000, 10, 'เม็ด', '2015-08-24 00:42:24', '2015-08-24 00:42:24'),
('M025', 2, 'Zyrtec', 1000, 15, 'เม็ด', '2015-08-24 00:43:01', '2015-08-24 00:43:01'),
('M026', 2, 'AMK', 100, 500, 'กล่อง', '2015-08-24 00:44:04', '2015-08-24 00:44:04'),
('J042', 1, 'Juvederm', 4, 15900, 'หลอด', '2015-08-24 00:44:32', '2015-08-24 00:44:32'),
('M027', 2, 'Dicloxa', 1000, 10, 'เม็ด', '2015-08-24 00:44:57', '2015-08-24 00:44:57'),
('M028', 2, 'Keto', 1000, 15, 'เม็ด', '2015-08-24 00:45:27', '2015-08-24 00:45:27'),
('M029', 2, 'Collagen', 1000, 10, 'เม็ด', '2015-08-24 00:46:00', '2015-08-24 00:46:00'),
('J043', 1, 'Restylane / Esthelis', 4, 13000, 'หลอด', '2015-08-24 00:46:16', '2015-08-30 02:29:02'),
('M030', 2, 'Glutathione', 1000, 10, 'เม็ด', '2015-08-24 00:47:24', '2015-08-24 00:47:24'),
('M031', 2, 'Spirulina', 1000, 15, 'เม็ด', '2015-08-24 00:48:14', '2015-08-24 00:48:14'),
('T101', 4, 'Cleansing Foam', 200, 150, 'หลอด', '2015-08-24 00:51:48', '2015-08-24 00:51:48'),
('T102', 4, 'Toner', 200, 150, 'ขวด', '2015-08-24 00:52:30', '2015-08-24 00:52:30'),
('T201', 3, 'ละลายสิว 1(10gm)', 500, 150, 'หลอด', '2015-08-24 01:07:26', '2015-08-24 01:07:26'),
('T202', 3, 'ละลายสิว 2(10gm)', 500, 150, 'หลอด', '2015-08-24 01:08:16', '2015-08-24 01:08:16'),
('T203', 3, 'Gel ฆ่าเชื้อ(10gm)', 500, 200, 'หลอด', '2015-08-24 01:09:11', '2015-08-24 01:09:11'),
('T204', 3, 'แต้มสิวอักเสบ', 500, 150, 'หลอด', '2015-08-24 01:09:49', '2015-08-24 01:09:49'),
('T205', 3, 'Acne Lotion', 100, 200, 'ขวด', '2015-08-24 01:10:49', '2015-08-24 01:10:49'),
('T206', 3, 'สิวเสี้ยน', 100, 100, 'หลอด', '2015-08-24 01:11:29', '2015-08-24 01:11:29'),
('M001', 6, 'BP1', 500, 0, 'หลอด', '2015-08-24 01:14:56', '2015-08-24 01:14:56'),
('T207', 3, 'Whitening', 200, 200, 'หลอด', '2015-08-24 01:14:58', '2015-08-24 01:14:58'),
('T208', 3, 'Arbutin', 200, 250, 'หลอด', '2015-08-24 01:15:48', '2015-08-24 01:15:48'),
('M002', 6, 'BP2', 500, 0, 'หลอด', '2015-08-24 01:15:58', '2015-08-24 01:15:58'),
('T209', 3, 'ลบรอยดำ', 200, 150, 'หลอด', '2015-08-24 01:16:37', '2015-08-24 01:16:37'),
('M003', 6, 'Gel ฆ่าเชื้อสิว', 500, 0, 'หลอด', '2015-08-24 01:17:06', '2015-08-24 01:17:06'),
('T210', 3, 'ลบรอยดำฝ้า', 200, 200, 'หลอด', '2015-08-24 01:17:06', '2015-08-24 01:17:06'),
('T211', 3, 'แต้มฝ้ากระ', 200, 220, 'หลอด', '2015-08-24 01:18:01', '2015-08-24 01:18:01'),
('M004', 6, 'แต้มสิวอักเสบ', 200, 0, 'หลอด', '2015-08-24 01:18:09', '2015-08-24 01:18:09'),
('T212', 3, 'Smoothing Cream', 200, 220, 'หลอด', '2015-08-24 01:19:10', '2015-08-24 01:19:10'),
('M005', 6, 'Acne Lotion', 200, 0, 'ขวด', '2015-08-24 01:19:30', '2015-08-24 01:19:30'),
('M006', 6, 'สิวเสี้ยน', 200, 0, 'หลอด', '2015-08-24 01:20:23', '2015-08-24 01:20:23'),
('T213', 3, 'แก้อักเสบ', 200, 150, 'หลอด', '2015-08-24 01:21:24', '2015-08-24 01:21:24'),
('M007', 6, 'Whitening', 200, 0, 'หลอด', '2015-08-24 01:21:51', '2015-08-24 01:23:06'),
('T214', 3, 'ผื่นแพ้', 200, 250, 'หลอด', '2015-08-24 01:22:02', '2015-08-24 01:22:02'),
('M008', 6, 'Arbutin', 200, 0, 'หลอด', '2015-08-24 01:22:51', '2015-08-24 01:22:51'),
('T215', 3, 'กันแดด สูตร2', 200, 200, 'หลอด', '2015-08-24 01:22:56', '2015-08-24 01:22:56'),
('T216', 3, 'กันแดด สูตร3', 200, 250, 'หลอด', '2015-08-24 01:23:53', '2015-08-24 01:23:53'),
('M009', 6, 'ลบรอยดำ', 200, 0, 'หลอด', '2015-08-24 01:23:55', '2015-08-24 01:23:55'),
('M010', 6, 'ลบรอยฝ้า-กระ', 200, 0, 'หลอด', '2015-08-24 01:24:42', '2015-08-24 01:25:50'),
('T217', 3, 'Arnica(10gm)', 200, 350, 'หลอด', '2015-08-24 01:24:53', '2015-08-24 01:26:33'),
('M011', 6, 'แต้มฝ้า-กระ', 200, 0, 'หลอด', '2015-08-24 01:25:25', '2015-08-24 01:25:25'),
('T218', 3, 'Terra mycin(10gm)', 200, 150, 'หลอด', '2015-08-24 01:26:11', '2015-08-24 01:26:11'),
('M012', 6, 'Smoothing Cr.', 200, 0, 'หลอด', '2015-08-24 01:26:44', '2015-08-24 01:27:20'),
('M013', 6, 'แก้อักเสบ', 200, 0, 'หลอด', '2015-08-24 01:28:12', '2015-08-24 01:28:12'),
('M014', 6, 'ผื่นแพ้', 200, 0, 'หลอด', '2015-08-24 01:29:00', '2015-08-24 01:29:00'),
('M015', 6, 'กันแดด', 200, 0, 'หลอด', '2015-08-24 01:29:46', '2015-08-24 01:29:46'),
('GS1', 8, 'ชุดที่1:-หน้าใส (Whitening+Arb', 100, 0, 'ชุด', '2015-08-24 01:30:29', '2015-08-24 01:30:29'),
('M016', 6, 'Amoxy(7)', 200, 0, 'หลอด', '2015-08-24 01:31:01', '2015-08-24 01:31:01'),
('GS2', 8, 'ชุดที่2:-แก้ฝ้า (Whitening+Arb', 100, 0, 'ชุด', '2015-08-24 01:32:09', '2015-08-24 01:32:09'),
('M032', 6, 'Doxy (7)', 200, 0, '200', '2015-08-24 01:32:11', '2015-08-24 01:32:11'),
('M033', 6, 'Pred (20)', 500, 0, 'เม็ด', '2015-08-24 01:33:35', '2015-08-24 01:33:35'),
('GS3', 8, 'ชุดที่3:-บำรุง (Pore Tightenin', 100, 0, 'ชุด', '2015-08-24 01:34:21', '2015-08-24 01:34:21'),
('M034', 6, 'Vit C (14)', 500, 0, 'เม็ด', '2015-08-24 01:34:26', '2015-08-24 01:34:26'),
('BT00001', 9, 'กระดาษ A4', 5, 0, 'รีม', '2015-08-24 01:41:50', '2015-08-24 01:41:50'),
('BT00003', 9, 'เครื่องคิดเลข', 4, 0, 'เครื่อง', '2015-08-24 01:45:07', '2015-08-24 01:45:07'),
('BT00002', 9, 'ใบสำคัญจ่าย 9*5.5"', 2, 0, 'กล่อง*1', '2015-08-24 01:46:45', '2015-08-24 01:46:45'),
('BT00004', 9, 'ปากกาแดง', 20, 0, 'ด้าม', '2015-08-24 01:47:38', '2015-08-24 01:47:38'),
('BT00005', 9, 'ปากกาดำ', 30, 0, 'ด้าม', '2015-08-24 01:48:31', '2015-08-24 01:48:31'),
('BT00006', 9, 'ปากกาน้ำเงิน', 30, 0, 'ด้าม', '2015-08-24 01:49:08', '2015-08-24 01:49:08'),
('BT00007', 9, 'ใบเสร็จรับเงิน 9*5.5"', 2, 0, 'กล่อง*1', '2015-08-24 01:51:09', '2015-08-24 01:51:09'),
('BT00012', 9, 'ปากกาไวท์บอร์ด(สีน้ำเงิน)', 4, 0, 'ด้าม', '2015-08-24 01:52:36', '2015-08-24 01:52:36'),
('X000', 10, 'ไม่มียา', 0, 0, '0', '2015-08-24 01:53:17', '2015-08-24 01:53:17'),
('BT00009', 9, 'ปากกาไวท์บอร์ด(สีแดง)', 4, 0, 'ด้าม', '2015-08-24 01:54:14', '2015-08-24 01:54:14'),
('BT00008', 9, 'ใบประวัติOPD', 200, 0, 'ใบ', '2015-08-24 01:55:20', '2015-08-24 01:55:20'),
('BT00010', 9, 'ใบOPD(ไส้ใน)', 400, 0, 'ใบ', '2015-08-24 01:56:11', '2015-08-24 01:56:11'),
('BT00011', 9, 'กระดาษต่อเนื่อง 1 ชั้น ขนาด9*1', 0, 3, 'กล่อง*1', '2015-08-24 01:57:47', '2015-08-24 01:57:47'),
('BT00014', 9, 'กระดาษต่อเนื่อง 3 ชั้น 9*11', 3, 0, 'กล่อง*1', '2015-08-24 02:00:30', '2015-08-24 02:00:30'),
('BT00013', 9, 'กระดาษต่อเนื่อง 2 ชั้น 9*11', 1, 0, 'กล่อง*1', '2015-08-24 02:01:18', '2015-08-24 02:01:18'),
('BT00015', 9, 'EPSON LQ300(รีฟิล)', 2, 0, 'กล่อง*1', '2015-08-24 02:02:27', '2015-08-24 02:02:27'),
('BT00016', 9, 'ปากกาไฮไลท์สรเหลือง', 4, 0, 'ด้าม', '2015-08-24 02:03:04', '2015-08-24 02:03:04'),
('BT00017', 9, 'ปากกาไฮไลท์สีชมพู', 4, 0, 'ด้าม', '2015-08-24 02:03:42', '2015-08-24 02:03:42'),
('BT00018', 9, 'ปากกาไฮไลท์สีส้ม', 4, 0, 'ด้าม', '2015-08-24 02:04:28', '2015-08-24 02:04:28'),
('BT00019', 9, 'ปากกาไฮไลท์สีเขียว', 4, 0, 'ด้าม', '2015-08-24 02:05:08', '2015-08-24 02:05:08'),
('BT00020', 9, 'ปากกาเคมีสีน้ำเงิน', 4, 0, 'ด้าม', '2015-08-24 02:07:07', '2015-08-24 02:07:07'),
('BT00021', 9, 'ปากกาเคมีสีแดง', 4, 0, 'ด้าม', '2015-08-24 02:08:02', '2015-08-24 02:08:02'),
('BT00022', 9, 'ปากกาเคมีสีดำ', 4, 0, 'ด้าม', '2015-08-24 02:09:03', '2015-08-24 02:09:03'),
('FC00001', 5, 'Green Peeling', 5, 0, '1', '2015-08-24 02:09:48', '2015-08-24 02:09:48'),
('BT00023', 9, 'บิลเคาร์เตอร์ 8.5*14.5', 5, 0, 'เล่ม', '2015-08-24 02:09:48', '2015-08-24 02:09:48'),
('BT00024', 9, 'ดินสอ', 5, 0, 'ด้าม', '2015-08-24 02:10:39', '2015-08-24 02:10:39'),
('FC00002', 5, '70%TCA', 2, 0, 'ขวด', '2015-08-24 02:11:16', '2015-08-24 02:11:16'),
('BT00026', 9, 'ไม้บรรทัด', 5, 0, 'อัน', '2015-08-24 02:11:30', '2015-08-24 02:11:30'),
('FC00003', 5, 'Eye Gel', 3, 0, 'หลอด', '2015-08-24 02:12:24', '2015-08-24 02:12:24'),
('BT00025', 9, 'ยางลบ', 5, 0, 'ก้อน', '2015-08-24 02:12:46', '2015-08-24 02:12:46'),
('FC00004', 5, 'Bright Mask', 2, 0, 'กระปุก', '2015-08-24 02:13:28', '2015-08-24 02:13:28'),
('BT00027', 9, 'น้ำยาลบคำผิด', 5, 0, 'ขวด', '2015-08-24 02:13:29', '2015-08-24 02:13:29'),
('FC00005', 5, 'Acne Mask(ดำ)', 2, 0, 'กระปุก', '2015-08-24 02:14:41', '2015-08-24 02:14:41'),
('BT00028', 9, 'ลวดเสียบกระดาษ No.1', 5, 0, 'อัน', '2015-08-24 02:14:54', '2015-08-24 02:14:54'),
('FC00006', 5, 'Golden Mask', 2, 0, 'กระปุก', '2015-08-24 02:15:42', '2015-08-24 02:15:42'),
('FC00007', 5, 'JA Gel', 2, 0, 'กระปุก', '2015-08-24 02:17:22', '2015-08-24 02:17:22'),
('FC00008', 5, 'Vit A Gel', 2, 0, 'กระปุก', '2015-08-24 02:20:19', '2015-08-24 02:20:19'),
('FC00009', 5, 'Diamond Elastin', 3, 0, 'กระปุก', '2015-08-24 23:07:05', '2015-08-24 23:07:05'),
('FC00010', 5, 'Alovera Gel', 3, 0, 'กระปุก', '2015-08-24 23:08:30', '2015-08-24 23:08:30'),
('FC00011', 5, 'Liposome', 2, 0, 'กระปุก', '2015-08-24 23:09:25', '2015-08-24 23:09:25'),
('FC00012', 5, 'Hyarulon Serum', 2, 0, 'กระปุก', '2015-08-24 23:11:34', '2015-08-24 23:11:34'),
('FC00013', 5, 'Botox Serum', 2, 0, 'กระปุก', '2015-08-24 23:12:32', '2015-08-24 23:12:32'),
('FC00014', 5, 'Dermovate (แก้อักเสบ)', 2, 0, 'กระปุก', '2015-08-24 23:13:50', '2015-08-25 03:30:55'),
('FC00015', 5, 'Cleansing Milk', 3, 0, 'กระปุก', '2015-08-24 23:14:48', '2015-08-24 23:15:19'),
('FC00016', 5, 'Oil Free', 2, 0, 'กระปุก', '2015-08-24 23:16:08', '2015-08-24 23:16:08'),
('BT00029', 9, 'คลิปดำ Size 19 mm. NO.109', 3, 0, 'อัน', '2015-08-24 23:46:20', '2015-08-24 23:46:20'),
('BT00030', 9, 'คลิปดำ Size 1', 2, 0, 'อัน', '2015-08-24 23:47:50', '2015-08-24 23:47:50'),
('BT00031', 9, 'คลิปดำ Size 1-5/8 NO.109', 2, 0, 'อัน', '2015-08-24 23:49:09', '2015-08-24 23:49:09'),
('BT00032', 9, 'กาวตราช้าง', 2, 0, '0', '2015-08-24 23:54:15', '2015-08-24 23:54:15'),
('BT00033', 9, 'กาวแท่ง', 2, 0, 'อัน', '2015-08-24 23:55:13', '2015-08-24 23:55:13'),
('BT00034', 9, 'แฟ้มตราช้าง NO.125', 2, 0, 'อัน', '2015-08-24 23:56:10', '2015-08-24 23:56:10'),
('BT00035', 9, 'แฟ้มตราช้าง NO.120', 1, 0, 'อัน', '2015-08-24 23:57:25', '2015-08-24 23:57:25'),
('BT00036', 9, 'Desiccant 1 g.(E5)-6SM', 2, 0, 'ซอง', '2015-08-24 23:59:31', '2015-08-24 23:59:31'),
('BT00037', 9, 'ถุงซิปโลโก้ The Klinique', 200, 0, 'ซอง', '2015-08-25 00:02:30', '2015-08-25 00:02:30'),
('BT00038', 9, 'สมุดปกอ่อน F104', 1, 0, 'เล่ม', '2015-08-25 00:03:44', '2015-08-25 00:04:19'),
('BT00039', 9, 'สมุดบัญชีมุมมันไม่มีเส้น', 1, 0, 'เล่ม', '2015-08-25 00:06:00', '2015-08-25 00:06:00'),
('BT00040', 9, 'เครื่องเจาะกระดาษ', 0, 0, 'อัน', '2015-08-25 00:07:14', '2015-08-25 00:07:14'),
('BT00041', 9, 'ซองจดหมาย Size 9', 7, 0, 'ซอง', '2015-08-25 00:08:40', '2015-08-25 00:09:19'),
('BT00042', 9, 'ซองเอกสารสีน้ำตาล 9*12', 5, 0, 'ซอง', '2015-08-25 00:10:50', '2015-08-25 00:10:50'),
('BT00043', 9, 'เทปใส Size 3/4', 1, 0, 'ม้วน', '2015-08-25 00:12:10', '2015-08-25 00:12:10'),
('BT00044', 9, 'กาวสองหน้า(หนา)', 2, 0, 'ม้วน', '2015-08-25 00:13:30', '2015-08-25 00:13:30'),
('BT00045', 9, 'กาวสองหน้า(บาง)', 2, 0, 'ม้วน', '2015-08-25 00:14:20', '2015-08-25 00:14:20'),
('BT00046', 9, 'เทปน้ำตาล 2 "', 1, 0, 'ม้วน', '2015-08-25 00:15:33', '2015-08-25 00:15:33'),
('BT00047', 9, 'เทปใส 2 "', 1, 0, 'ม้วน', '2015-08-25 00:16:27', '2015-08-25 00:16:27'),
('BT00048', 9, 'กรรไกร', 0, 0, 'ด้าม', '2015-08-25 00:17:30', '2015-08-25 00:17:30'),
('BT00049', 9, 'หมึกเติมแท่นประทับ(สีน้ำเงิน)', 1, 0, 'ขวด', '2015-08-25 00:18:51', '2015-08-25 00:18:51'),
('BT00050', 9, 'คลิปดำ Size 32 mm. NO.110', 2, 0, 'อัน', '2015-08-25 00:20:37', '2015-08-25 00:20:37'),
('BT00051', 9, 'ปากกาเมจิก SDR 200', 2, 0, 'ด้าม', '2015-08-25 00:21:45', '2015-08-25 00:21:45'),
('BT00052', 9, 'เครื่องเย็บเล่ม ขนาด  HD 12N/2', 0, 0, 'อัน', '2015-08-25 00:23:22', '2015-08-25 00:23:22'),
('BT00053', 9, 'ลวดเย็บกระดาษ NO.1224', 2, 0, 'กล่อง', '2015-08-25 00:24:42', '2015-08-25 00:24:42'),
('BT00054', 9, 'ตะกร้าวางเอกสาร 3 ชั้น', 1, 0, 'อัน', '2015-08-25 00:26:23', '2015-08-25 00:26:23'),
('BT00055', 9, 'กระดาษ A4 80 แกรม', 3, 0, 'รีม', '2015-08-25 00:28:00', '2015-08-25 00:28:00'),
('BT00056', 9, 'ถุงกระดาษโลโก้', 100, 0, 'ใบ', '2015-08-25 00:29:10', '2015-08-25 00:29:10'),
('BT00057', 9, 'บิลห้องแพทย์ 80 แกรม ขนาด 8.5x', 2, 0, 'เล่ม', '2015-08-25 00:31:42', '2015-08-25 00:31:42'),
('BT00058', 9, 'บัตรนัดลูกค้าแบบพับ', 100, 0, 'ใบ', '2015-08-25 00:32:48', '2015-08-25 00:32:48'),
('MED00001', 11, 'ถุงใส่ผ้าอนามัย', 3, 0, 'แพ็ค', '2015-08-25 01:02:56', '2015-08-25 01:02:56'),
('MED00002', 11, 'ถุงพลาสติกโลโก้', 50, 0, 'ใบ', '2015-08-25 01:04:38', '2015-08-25 01:04:38'),
('MED00003', 11, 'ถุงขยะดำ 28*36', 3, 0, 'แพ็ค', '2015-08-25 01:07:00', '2015-08-25 01:07:00'),
('MED00004', 11, 'ถุงขยะขนาด 20*20', 3, 0, 'แพ็ค', '2015-08-25 01:09:18', '2015-08-25 01:09:18'),
('MED00005', 11, 'น้ำยาล้างจาน', 1, 0, 'ขวด', '2015-08-25 01:10:15', '2015-08-25 01:10:15'),
('MED00006', 11, 'น้ำยาเช็ดกระจก', 1, 0, 'ขวด', '2015-08-25 01:11:18', '2015-08-25 01:11:18'),
('MED00007', 11, 'น้ำยาเอนกประสงค์', 1, 0, 'ขวด', '2015-08-25 01:38:39', '2015-08-25 01:38:39'),
('MED00008', 11, 'น้ำยาล้างห้องน้ำ', 1, 0, 'ขวด', '2015-08-25 01:39:29', '2015-08-25 01:39:29'),
('MED00009', 11, 'น้ำยาขจัดฝุ่น(ดันฝุ่น)', 1, 0, 'ขวด', '2015-08-25 01:40:46', '2015-08-25 01:40:46'),
('MED00010', 11, 'น้ำยาถูพื้น', 1, 0, 'ขวด', '2015-08-25 01:41:40', '2015-08-25 01:41:40'),
('MED00011', 11, 'กระดาษชำระม้วน 1*12', 3, 0, 'ม้วน', '2015-08-25 01:42:37', '2015-08-25 01:42:37'),
('MED00012', 11, 'กระดาษเช็ดชู่มือ 1*24', 6, 0, 'แพ็ค', '2015-08-25 01:45:17', '2015-08-25 01:45:17'),
('MED00013', 11, 'น้ำยาฆ่าเชื้อ Dettol', 1, 0, 'แกลลอน', '2015-08-25 01:47:12', '2015-08-25 01:47:12'),
('MED00014', 11, 'ถุงขยะติดเชื้อ', 3, 0, 'แพ็ค', '2015-08-25 01:48:38', '2015-08-25 01:48:38'),
('MED00015', 11, 'น้ำตาลทราย', 1, 0, 'ถุง', '2015-08-25 01:49:34', '2015-08-25 01:49:34'),
('MED00016', 11, 'น้ำปลา', 1, 0, 'ขวด', '2015-08-25 01:53:55', '2015-08-25 01:53:55'),
('MED00017', 11, 'กาแฟ', 1, 0, 'ถุง', '2015-08-25 01:56:02', '2015-08-25 01:56:02'),
('MED00018', 11, 'คอฟฟี่เมต', 1, 0, 'ถุง', '2015-08-25 01:56:58', '2015-08-25 01:56:58'),
('MED00019', 11, 'เกลือ', 1, 0, 'ถุง', '2015-08-25 01:57:45', '2015-08-25 01:57:45'),
('MED00020', 11, 'สก๊อตไบท์', 0, 0, 'อัน', '2015-08-25 01:58:44', '2015-08-25 01:58:44'),
('MED00021', 11, 'ไม้ถูพื้น', 0, 0, 'อัน', '2015-08-25 01:59:32', '2015-08-25 01:59:32'),
('MED00022', 11, 'ผ้าเช็ดฝุ่น', 0, 0, 'ผืน', '2015-08-25 02:00:21', '2015-08-25 02:00:21'),
('MED00023', 11, 'ถังขยะ', 0, 0, 'อัน', '2015-08-25 02:01:09', '2015-08-25 02:01:09'),
('FC00017', 5, 'ยาฉีดฉิว Shincort', 5, 0, 'ขวด', '2015-08-25 02:06:41', '2015-08-25 02:06:41'),
('FC00018', 5, 'ครีมบำรุง', 2, 0, 'กระปุก', '2015-08-25 03:24:12', '2015-08-30 02:30:59'),
('FC00019', 5, 'เบตาดีน', 2, 0, 'ขวด', '2015-08-25 04:48:04', '2015-08-25 04:48:04'),
('FC00020', 5, 'น้ำเกลือ NSS.100 ml', 1, 0, 'ขวด', '2015-08-25 04:51:14', '2015-08-25 04:51:14'),
('FC00021', 5, 'น้ำเกลือ NSS.500 ml', 1, 0, 'ขวด', '2015-08-25 04:52:22', '2015-08-25 04:52:22'),
('FC00022', 5, 'น้ำเกลือ NSS.1000 ml', 1, 0, 'ขวด', '2015-08-25 04:53:04', '2015-08-25 04:53:04'),
('FC00023', 5, 'Meso Shine (5 cc./ขวด)', 3, 0, 'ขวด', '2015-08-30 02:35:19', '2015-08-30 02:35:19'),
('FC00024', 5, 'Meso Refresh (1*5)', 3, 0, 'ขวด', '2015-08-30 02:38:59', '2015-08-30 02:38:59'),
('FC00025', 5, 'Dermallis Lypolytic 1*10', 3, 0, 'ขวด', '2015-08-30 02:40:26', '2015-08-30 02:40:26'),
('FC00026', 5, 'ยาสลายฟิลเลอร์', 2, 0, 'ขวด', '2015-08-30 02:41:42', '2015-08-30 02:41:42'),
('FC00027', 5, 'บัวหิมะ 10 g.', 2, 0, 'กระปุก', '2015-08-30 02:42:41', '2015-08-30 02:42:41'),
('FC00028', 5, 'Dexton,Lodexza 1*50', 2, 0, 'amp', '2015-08-30 02:44:12', '2015-08-30 02:44:12'),
('FC00029', 5, 'Shainocort', 3, 0, 'ขวด', '2015-08-30 02:50:20', '2015-08-30 02:50:20'),
('FC00030', 5, 'ถุงมือไซด์ S,M,L', 3, 0, 'กล่อง', '2015-08-30 02:51:41', '2015-08-30 02:51:41'),
('FC00031', 5, 'หมวก 1*50', 2, 0, 'ห่อ', '2015-08-30 02:52:59', '2015-08-30 02:52:59'),
('FC00032', 5, 'Mash ผ้า', 10, 0, 'ผืน', '2015-08-30 02:54:03', '2015-08-30 02:54:03'),
('FC00033', 5, 'Mash หมอ', 2, 0, 'กล่อง', '2015-08-30 02:54:55', '2015-08-30 02:54:55'),
('FC00034', 5, 'สำลีก้อน', 2, 0, 'ถุง', '2015-08-30 02:55:52', '2015-08-30 02:55:52'),
('FC00035', 5, 'สำลีแผ่น', 5, 0, 'แพ็ค', '2015-08-30 02:57:12', '2015-08-30 02:57:12'),
('FC00036', 5, 'Cuttonbut', 3, 0, 'แพ็ค', '2015-08-30 02:58:33', '2015-08-30 02:58:33'),
('FC00037', 5, 'แอลกฮอล์', 5, 0, 'ขวด', '2015-08-30 03:05:06', '2015-08-30 03:05:06'),
('FC00038', 5, 'Transpore 1"', 3, 0, 'ม้วน', '2015-08-30 03:08:24', '2015-08-30 03:08:24'),
('FC00039', 5, 'Transpore 1/2"', 3, 0, 'ม้วน', '2015-08-30 03:09:26', '2015-08-30 03:09:26'),
('FC00040', 5, 'Micropore 1"', 3, 0, 'ม้วน', '2015-08-30 03:10:29', '2015-08-30 03:10:29'),
('FC00041', 5, 'Micropore 1/2"', 3, 0, 'ม้วน', '2015-08-30 03:11:22', '2015-08-30 03:11:22'),
('FC00042', 5, 'Elastic Bandage 2*5"', 3, 0, 'ม้วน', '2015-08-30 03:16:24', '2015-08-30 03:16:24'),
('FC00043', 5, 'Elastic Bandage 4*10"', 3, 0, 'ม้วน', '2015-08-30 03:21:20', '2015-08-30 03:21:20'),
('FC00044', 5, 'Elastic Bandage 6*5"', 3, 0, 'ม้วน', '2015-08-30 03:22:20', '2015-08-30 03:22:20'),
('FC00045', 5, 'ไม้กดลิ้น', 5, 0, 'อัน', '2015-09-01 22:23:29', '2015-09-01 22:23:29'),
('FC00046', 5, 'แร๊ปใส', 2, 0, 'อัน', '2015-09-01 22:24:20', '2015-09-01 22:24:20'),
('FC00047', 5, 'เข็ม Blunt', 20, 0, 'อัน', '2015-09-01 22:25:51', '2015-09-01 22:25:51'),
('FC00048', 5, 'เข็ม NO.18 1/2 นิ้ว ', 1, 0, 'กล่อง', '2015-09-01 22:27:05', '2015-09-01 22:27:05'),
('FC00049', 5, 'เข็ม NO.18 1 นิ้ว 1/2 ', 1, 0, 'กล่อง', '2015-09-01 22:28:09', '2015-09-01 22:28:09'),
('FC00050', 5, 'เข็ม NO.18 1 นิ้ว', 1, 0, 'กล่อง', '2015-09-01 22:29:19', '2015-09-01 22:29:19'),
('FC00051', 5, 'เข็ม NO.21 1 นิ้ว', 1, 0, 'กล่อง', '2015-09-01 22:30:41', '2015-09-01 22:30:41'),
('FC00052', 5, 'เข็ม NO.25  ธรรมดา', 1, 0, 'กล่อง', '2015-09-01 22:31:44', '2015-09-01 22:31:44'),
('FC00053', 5, 'เข็ม NO.25  ปีกผีเสื้อ', 1, 0, 'กล่อง', '2015-09-01 22:33:27', '2015-09-01 22:33:27'),
('FC00054', 5, 'เข็ม NO.27 1/2 นิ้ว  ', 1, 0, 'กล่อง', '2015-09-01 22:34:26', '2015-09-01 22:34:26'),
('FC00055', 5, 'เข็ม NO.27 1/2 นิ้ว  ปีกผีเสื้', 1, 0, 'กล่อง', '2015-09-01 22:35:48', '2015-09-01 22:35:48'),
('FC00056', 5, 'เข็ม NO.30 1/2 นิ้ว', 1, 0, 'กล่อง', '2015-09-01 22:36:58', '2015-09-01 22:36:58'),
('FC00057', 5, 'เข็ม Insulane', 1, 0, 'กล่อง', '2015-09-01 22:38:19', '2015-09-01 22:38:19'),
('FC00058', 5, 'เข็ม NO.27 1 นิ้ว', 1, 0, 'กล่อง', '2015-09-01 22:39:01', '2015-09-01 22:39:01'),
('FC00059', 5, 'Syringe 1 Ml.', 1, 0, 'กล่อง', '2015-09-01 22:40:23', '2015-09-01 22:40:23'),
('FC00060', 5, 'เข็ม Insulane 1 Ml', 1, 0, 'กล่อง', '2015-09-01 22:41:50', '2015-09-01 22:41:50'),
('FC00061', 5, 'Syringe 3 Ml', 1, 0, 'กล่อง', '2015-09-01 22:42:37', '2015-09-01 22:42:37'),
('FC00062', 5, 'Syringe 5 Ml', 1, 0, 'กล่อง', '2015-09-01 22:43:19', '2015-09-01 22:43:19'),
('FC00063', 5, 'Syringe 10 Ml', 1, 0, 'กล่อง', '2015-09-01 22:43:56', '2015-09-01 22:43:56'),
('FC00064', 5, 'Syringe 20 Ml', 1, 0, 'กล่อง', '2015-09-01 22:44:38', '2015-09-01 22:44:38'),
('FC00065', 5, 'ผ้าก๊อตม้วน', 3, 0, 'ม้วน', '2015-09-01 22:46:26', '2015-09-01 22:46:26'),
('FC00066', 5, 'มีดโกน', 3, 0, 'อัน', '2015-09-01 22:46:56', '2015-09-01 22:46:56'),
('FC00067', 5, 'กางเกงในกระดาษ', 20, 0, 'ชิ้น', '2015-09-01 22:48:04', '2015-09-01 22:48:04'),
('FC00068', 5, 'ชุดทำแผลติดเชื้อ 1*2', 12, 0, 'ชุด', '2015-09-01 22:49:13', '2015-09-01 22:49:13'),
('FC00069', 5, 'กระดาษทิชชู่หน้า', 10, 0, 'แพ็ค', '2015-09-01 22:50:31', '2015-09-01 22:50:31'),
('FC00070', 5, 'น้ำแร่', 2, 0, 'แกลลอน', '2015-09-01 22:51:32', '2015-09-01 22:51:32'),
('FC00071', 5, 'Steri-Strip ', 10, 0, 'แผ่น', '2015-09-01 22:52:39', '2015-09-01 22:52:39'),
('FC00072', 5, 'AMK', 1, 0, 'กล่อง', '2015-09-01 22:53:35', '2015-09-01 22:53:35'),
('FC00073', 5, 'Sodiam Bicabonet 1*50', 50, 0, 'apm', '2015-09-01 22:55:08', '2015-09-01 22:55:08'),
('FC00074', 5, 'Adenaline 1*50', 50, 0, 'apm', '2015-09-01 22:56:18', '2015-09-01 22:56:18'),
('FC00075', 5, 'ไหมเย็บแผล Nylon No.4-0', 2, 0, 'กล่อง', '2015-09-01 23:07:53', '2015-09-01 23:07:53'),
('FC00076', 5, 'ไหมเย็บแผล Nylon No.6-0', 2, 0, 'กล่อง', '2015-09-01 23:08:47', '2015-09-01 23:08:47'),
('FC00077', 5, 'ก็อตสเตอร์ไลด์ 4*4 นิ้ว', 30, 0, 'แพ็ค', '2015-09-01 23:10:43', '2015-09-01 23:10:43'),
('FC00078', 5, 'ก็อตสเตอร์ไลด์ 3*6 นิ้ว', 30, 0, 'แพ็ค', '2015-09-01 23:11:44', '2015-09-01 23:11:44'),
('FC00079', 5, 'น้ำเกลือแร่', 1, 0, 'กล่อง', '2015-09-01 23:13:34', '2015-09-01 23:13:34'),
('FC00080', 5, 'กระบอกใส่ไขมัน', 1, 0, 'อัน', '2015-09-01 23:14:26', '2015-09-01 23:14:26'),
('FC00081', 5, 'เข็มปีกผีเสื้อ NO.25', 1, 0, 'กล่อง', '2015-09-01 23:15:48', '2015-09-01 23:15:48'),
('FC00082', 5, 'กระปุก+ฝา Co2 Set 5 g.', 0, 0, 'กระปุก', '2015-09-01 23:18:08', '2015-09-01 23:18:08'),
('FC00083', 5, 'บัวหิมะ (100 g.)', 1, 0, 'กระปุก', '2015-09-01 23:19:13', '2015-09-01 23:19:13'),
('FC00084', 5, 'ไม้พันสำลีไซร์ S.1*100', 1, 0, 'ห่อ', '2015-09-01 23:20:33', '2015-09-01 23:20:33'),
('FC00085', 5, 'เจลเย็น', 1, 0, 'กระปุก', '2015-09-01 23:22:26', '2015-09-01 23:22:26'),
('FC00086', 5, 'Fucidin Genta 500 g.', 2, 0, 'กระปุก', '2015-09-01 23:24:02', '2015-09-01 23:24:02'),
('FC00087', 5, 'Mask หน้ากากเจล', 0, 0, 'อัน', '2015-09-01 23:25:34', '2015-09-01 23:25:34'),
('FC00088', 5, 'Eyetuck Gel 100 g.', 2, 0, 'หลอด', '2015-09-01 23:27:06', '2015-09-01 23:27:06'),
('FC00089', 5, 'ยาชาครีม', 2, 0, 'กระปุก', '2015-09-01 23:27:56', '2015-09-01 23:27:56'),
('FC00090', 5, 'ยาชาฉีด 1% Xylocain With Adren', 2, 0, 'ขวด', '2015-09-01 23:29:56', '2015-09-01 23:29:56'),
('FC00091', 5, 'ยาชาฉีด 2% Xylocain With Adren', 2, 0, 'ขวด', '2015-09-01 23:30:46', '2015-09-01 23:30:46'),
('FC00092', 5, 'ยาชาฉีด 1% Xylocain With Out A', 2, 0, 'ขวด', '2015-09-01 23:32:14', '2015-09-01 23:32:14'),
('FC00093', 5, 'ยาชาฉีด 2% Xylocain With Out A', 2, 0, 'ขวด', '2015-09-01 23:33:56', '2015-09-01 23:33:56');

-- --------------------------------------------------------

--
-- โครงสร้างตาราง `product_detail`
--

CREATE TABLE IF NOT EXISTS `product_detail` (
  `tre_id` int(10) unsigned NOT NULL AUTO_INCREMENT,
  `product_id` int(11) NOT NULL,
  `product_de_qty` int(11) NOT NULL,
  `created_at` timestamp NOT NULL DEFAULT '0000-00-00 00:00:00',
  `updated_at` timestamp NOT NULL DEFAULT '0000-00-00 00:00:00',
  PRIMARY KEY (`tre_id`)
) ENGINE=InnoDB DEFAULT CHARSET=utf8 COLLATE=utf8_unicode_ci AUTO_INCREMENT=1 ;

-- --------------------------------------------------------

--
-- โครงสร้างตาราง `product_group`
--

CREATE TABLE IF NOT EXISTS `product_group` (
  `pg_id` int(10) unsigned NOT NULL AUTO_INCREMENT,
  `pt_id` int(11) NOT NULL,
  `pg_name` varchar(30) COLLATE utf8_unicode_ci NOT NULL,
  `created_at` timestamp NOT NULL DEFAULT '0000-00-00 00:00:00',
  `updated_at` timestamp NOT NULL DEFAULT '0000-00-00 00:00:00',
  PRIMARY KEY (`pg_id`)
) ENGINE=InnoDB  DEFAULT CHARSET=utf8 COLLATE=utf8_unicode_ci AUTO_INCREMENT=12 ;

--
-- dump ตาราง `product_group`
--

INSERT INTO `product_group` (`pg_id`, `pt_id`, `pg_name`, `created_at`, `updated_at`) VALUES
(1, 0, 'ยาฉีด', '2015-08-24 00:13:05', '2015-08-24 00:13:05'),
(2, 0, 'ยากิน(ซื้อ)', '2015-08-24 00:13:48', '2015-08-24 01:05:25'),
(3, 0, 'T02) ยาทา(ซื้อ)', '2015-08-24 00:14:01', '2015-08-24 01:27:54'),
(4, 0, 'ชุดทำความสะอาด', '2015-08-24 00:50:58', '2015-08-24 00:50:58'),
(5, 0, 'FC ยาทำหน้า', '2015-08-24 00:55:42', '2015-08-24 23:17:17'),
(6, 0, 'ยาในคอร์ส+ยา', '2015-08-24 00:59:03', '2015-08-24 00:59:03'),
(8, 0, 'GS0) Gift Set', '2015-08-24 01:28:46', '2015-08-24 01:28:46'),
(9, 0, 'BTเบ็ดเตล็ด(เครื่องใช้สำนักงาน', '2015-08-24 01:39:36', '2015-08-25 00:46:35'),
(10, 0, 'ไม่มียา', '2015-08-24 01:41:51', '2015-08-24 01:41:51'),
(11, 0, 'MED เบ็ดเตล็ด(สำหรับแม่บ้าน)', '2015-08-25 00:47:34', '2015-08-25 01:01:14');

-- --------------------------------------------------------

--
-- โครงสร้างตาราง `product_type`
--

CREATE TABLE IF NOT EXISTS `product_type` (
  `pt_id` int(10) unsigned NOT NULL AUTO_INCREMENT,
  `pt_name` varchar(255) COLLATE utf8_unicode_ci NOT NULL,
  `created_at` timestamp NOT NULL DEFAULT '0000-00-00 00:00:00',
  `updated_at` timestamp NOT NULL DEFAULT '0000-00-00 00:00:00',
  PRIMARY KEY (`pt_id`)
) ENGINE=InnoDB DEFAULT CHARSET=utf8 COLLATE=utf8_unicode_ci AUTO_INCREMENT=1 ;

-- --------------------------------------------------------

--
-- โครงสร้างตาราง `quotations`
--

CREATE TABLE IF NOT EXISTS `quotations` (
  `quo_id` int(10) unsigned NOT NULL AUTO_INCREMENT,
  `cus_id` int(11) NOT NULL,
  `emp_id` int(11) NOT NULL,
  `sale_id` int(11) NOT NULL,
  `sale_price` int(11) NOT NULL,
  `sale_price1` int(11) NOT NULL,
  `quo_date` date NOT NULL,
  `quo_status` int(11) NOT NULL,
  `total_net_price` decimal(14,2) NOT NULL,
  `vat` enum('true','false') COLLATE utf8_unicode_ci NOT NULL,
  `vat_rate` int(11) NOT NULL,
  `commission_rate` int(11) NOT NULL,
  `branch_id` int(11) DEFAULT NULL,
  `bill_number` int(11) NOT NULL,
  `created_at` timestamp NOT NULL DEFAULT '0000-00-00 00:00:00',
  `updated_at` timestamp NOT NULL DEFAULT '0000-00-00 00:00:00',
  PRIMARY KEY (`quo_id`)
) ENGINE=InnoDB  DEFAULT CHARSET=utf8 COLLATE=utf8_unicode_ci AUTO_INCREMENT=1010000016 ;

--
-- dump ตาราง `quotations`
--

INSERT INTO `quotations` (`quo_id`, `cus_id`, `emp_id`, `sale_id`, `sale_price`, `sale_price1`, `quo_date`, `quo_status`, `total_net_price`, `vat`, `vat_rate`, `commission_rate`, `branch_id`, `bill_number`, `created_at`, `updated_at`) VALUES
(1000000, 510000, 100000, 100000, 0, 0, '2015-08-23', 1, 10000.00, 'false', 7, 10, 10, 0, '2015-08-23 13:25:45', '2015-08-23 13:26:04'),
(1000001, 0, 100000, 0, 0, 0, '0000-00-00', -1, 0.00, 'false', 7, 10, 10, 0, '2015-08-23 13:26:53', '2015-08-23 13:26:53'),
(1000002, 510000, 100000, 100002, 0, 0, '2015-08-23', 1, 10000.00, 'false', 7, 10, 10, 0, '2015-08-23 13:45:41', '2015-08-23 13:46:57'),
(1000003, 510000, 100000, 100003, 0, 0, '2015-08-23', 1, 2400.00, 'false', 7, 10, 10, 0, '2015-08-23 13:57:27', '2015-08-23 13:57:46'),
(1000004, 510002, 100014, 100018, 0, 0, '2015-08-24', 1, 6000.00, 'false', 7, 10, 10, 0, '2015-08-23 21:03:44', '2015-08-23 21:04:20'),
(1000005, 510002, 100016, 100016, 0, 0, '2015-08-24', 1, 6000.00, 'false', 7, 10, 10, 0, '2015-08-23 21:06:21', '2015-08-23 21:06:41'),
(1000006, 510002, 100016, 100018, 0, 0, '2015-08-24', 1, 6000.00, 'false', 7, 10, 10, 0, '2015-08-23 21:27:47', '2015-08-23 21:31:41'),
(1000007, 510002, 100016, 100018, 0, 0, '2015-08-24', 1, 6000.00, 'false', 7, 10, 10, 0, '2015-08-23 21:43:29', '2015-08-23 21:43:48'),
(1000008, 510002, 100016, 100018, 0, 0, '2015-08-24', 1, 6000.00, 'false', 7, 10, 10, 0, '2015-08-23 21:45:17', '2015-08-23 21:46:59'),
(1000009, 0, 100016, 0, 0, 0, '0000-00-00', -1, 0.00, 'false', 7, 10, 10, 0, '2015-08-23 21:48:26', '2015-08-23 21:48:26'),
(1000010, 510003, 100014, 100024, 0, 0, '2015-09-01', 1, 300.00, 'false', 7, 10, 10, 0, '2015-08-23 23:24:24', '2015-09-01 03:02:42'),
(1000011, 0, 100007, 100021, 0, 0, '0000-00-00', -1, 0.00, 'false', 7, 10, 10, 0, '2015-08-24 10:09:04', '2015-08-25 10:05:25'),
(1000012, 0, 100007, 0, 0, 0, '0000-00-00', -1, 0.00, 'false', 7, 10, 10, 0, '2015-08-24 10:09:18', '2015-08-24 10:09:18'),
(1010000001, 510003, 100014, 100014, 0, 0, '2015-09-01', 1, 300.00, 'false', 7, 10, 10, 0, '2015-09-01 03:08:15', '2015-09-01 03:08:43'),
(1010000002, 510003, 100014, 100014, 0, 0, '2015-09-01', 1, 300.00, 'false', 7, 10, 10, 0, '2015-09-01 03:09:47', '2015-09-01 03:10:10'),
(1010000003, 510003, 100014, 100014, 0, 0, '2015-09-01', 1, 300.00, 'false', 7, 10, 10, 0, '2015-09-01 03:14:21', '2015-09-01 03:14:44'),
(1010000004, 510003, 100014, 100014, 0, 0, '2015-09-01', 1, 300.00, 'false', 7, 10, 10, 0, '2015-09-01 03:49:27', '2015-09-01 03:49:38'),
(1010000005, 510003, 100014, 100014, 0, 0, '2015-09-01', 1, 300.00, 'false', 7, 10, 10, 0, '2015-09-01 03:54:46', '2015-09-01 03:55:04'),
(1010000006, 510003, 100014, 100014, 0, 0, '2015-09-01', 1, 300.00, 'false', 7, 10, 10, 0, '2015-09-01 03:58:25', '2015-09-01 03:58:56'),
(1010000007, 510003, 100014, 100014, 0, 0, '2015-09-01', 1, 300.00, 'false', 7, 10, 10, 0, '2015-09-01 04:00:48', '2015-09-01 04:01:30'),
(1010000008, 510003, 100014, 100014, 0, 0, '2015-09-01', 1, 300.00, 'false', 7, 10, 10, 0, '2015-09-01 04:03:20', '2015-09-01 04:03:30'),
(1010000009, 510003, 100014, 100014, 0, 0, '2015-09-01', 1, 300.00, 'false', 7, 10, 10, 0, '2015-09-01 04:20:25', '2015-09-01 04:20:43'),
(1010000010, 510003, 100014, 100014, 0, 0, '2015-09-01', 1, 300.00, 'false', 7, 10, 10, 0, '2015-09-01 04:22:13', '2015-09-01 04:22:26'),
(1010000011, 510003, 100014, 100014, 0, 0, '2015-09-01', 1, 300.00, 'false', 7, 10, 10, 0, '2015-09-01 04:25:20', '2015-09-01 04:25:49'),
(1010000012, 510003, 100014, 100014, 0, 0, '2015-09-01', 1, 300.00, 'false', 7, 10, 10, 0, '2015-09-01 04:27:06', '2015-09-01 04:27:31'),
(1010000013, 510003, 100014, 100014, 0, 0, '2015-09-01', 1, 300.00, 'false', 7, 10, 10, 0, '2015-09-01 04:29:11', '2015-09-01 04:29:25'),
(1010000014, 510003, 100014, 100014, 0, 0, '2015-09-01', 1, 300.00, 'false', 7, 10, 10, 0, '2015-09-01 04:35:52', '2015-09-01 05:20:30'),
(1010000015, 510003, 100014, 100014, 0, 0, '2015-09-02', 1, 300.00, 'false', 7, 10, 10, 0, '2015-09-01 19:44:05', '2015-09-01 20:09:01');

-- --------------------------------------------------------

--
-- โครงสร้างตาราง `quotations_detail`
--

CREATE TABLE IF NOT EXISTS `quotations_detail` (
  `quo_de_id` int(10) unsigned NOT NULL AUTO_INCREMENT,
  `quo_id` int(11) NOT NULL,
  `course_id` varchar(255) COLLATE utf8_unicode_ci NOT NULL,
  `treat_status` int(11) NOT NULL,
  `quo_de_price` decimal(12,2) NOT NULL,
  `quo_de_discount` int(11) NOT NULL,
  `quo_de_disamount` decimal(10,2) NOT NULL,
  `net_price` decimal(14,2) NOT NULL,
  `payment_remain` decimal(14,2) NOT NULL,
  `qty` int(11) NOT NULL,
  `created_at` timestamp NOT NULL DEFAULT '0000-00-00 00:00:00',
  `updated_at` timestamp NOT NULL DEFAULT '0000-00-00 00:00:00',
  PRIMARY KEY (`quo_de_id`),
  UNIQUE KEY `quotations_detail_quo_id_course_id_unique` (`quo_id`,`course_id`)
) ENGINE=InnoDB  DEFAULT CHARSET=utf8 COLLATE=utf8_unicode_ci AUTO_INCREMENT=1020000019 ;

--
-- dump ตาราง `quotations_detail`
--

INSERT INTO `quotations_detail` (`quo_de_id`, `quo_id`, `course_id`, `treat_status`, `quo_de_price`, `quo_de_discount`, `quo_de_disamount`, `net_price`, `payment_remain`, `qty`, `created_at`, `updated_at`) VALUES
(1, 1000000, 'A001', 5, 10000.00, 0, 0.00, 10000.00, 0.00, 1, '2015-08-23 13:26:03', '2015-08-23 13:26:24'),
(2, 1000002, 'A001', 5, 10000.00, 0, 0.00, 10000.00, 0.00, 1, '2015-08-23 13:46:56', '2015-08-23 13:47:07'),
(3, 1000003, 'A002', 0, 2400.00, 0, 0.00, 2400.00, 2400.00, 0, '2015-08-23 13:57:35', '2015-08-23 13:57:35'),
(4, 1000004, 'SL0001', 0, 6000.00, 0, 0.00, 6000.00, 0.00, 0, '2015-08-23 21:04:09', '2015-08-23 21:04:34'),
(5, 1000005, 'SL0001', 0, 6000.00, 0, 0.00, 6000.00, 6000.00, 0, '2015-08-23 21:06:38', '2015-08-23 21:06:38'),
(6, 1000006, 'SL0001', 0, 6000.00, 0, 0.00, 6000.00, 0.00, 0, '2015-08-23 21:31:06', '2015-08-23 21:32:41'),
(7, 1000007, 'SL0001', 0, 6000.00, 0, 0.00, 6000.00, 0.00, 0, '2015-08-23 21:43:46', '2015-08-23 21:43:57'),
(8, 1000008, 'SL0001', 0, 6000.00, 0, 0.00, 6000.00, 0.00, 0, '2015-08-23 21:46:57', '2015-08-23 21:47:11'),
(1020000001, 1000011, 'J041', 0, 20000.00, 0, 0.00, 20000.00, 20000.00, 0, '2015-08-25 10:05:01', '2015-08-25 10:05:01'),
(1020000002, 1000011, 'J042', 0, 15900.00, 0, 0.00, 15900.00, 15900.00, 0, '2015-08-25 10:05:09', '2015-08-25 10:05:09'),
(1020000003, 1000010, 'C011', 0, 300.00, 0, 0.00, 300.00, 0.00, 0, '2015-09-01 03:01:58', '2015-09-01 03:02:56'),
(1020000004, 1010000001, 'C011', 0, 300.00, 0, 0.00, 300.00, 0.00, 0, '2015-09-01 03:08:38', '2015-09-01 03:08:53'),
(1020000005, 1010000002, 'C011', 0, 300.00, 0, 0.00, 300.00, 0.00, 0, '2015-09-01 03:09:55', '2015-09-01 03:10:18'),
(1020000006, 1010000003, 'C011', 0, 300.00, 0, 0.00, 300.00, 0.00, 0, '2015-09-01 03:14:39', '2015-09-01 03:14:53'),
(1020000007, 1010000004, 'C011', 0, 300.00, 0, 0.00, 300.00, 0.00, 0, '2015-09-01 03:49:35', '2015-09-01 03:49:47'),
(1020000008, 1010000005, 'C011', 0, 300.00, 0, 0.00, 300.00, 0.00, 0, '2015-09-01 03:54:58', '2015-09-01 03:55:23'),
(1020000009, 1010000006, 'C011', 0, 300.00, 0, 0.00, 300.00, 0.00, 0, '2015-09-01 03:58:54', '2015-09-01 03:59:05'),
(1020000010, 1010000007, 'C011', 0, 300.00, 0, 0.00, 300.00, 0.00, 0, '2015-09-01 04:01:28', '2015-09-01 04:01:38'),
(1020000011, 1010000008, 'C011', 0, 300.00, 0, 0.00, 300.00, 0.00, 0, '2015-09-01 04:03:27', '2015-09-01 04:03:39'),
(1020000012, 1010000009, 'C011', 0, 300.00, 0, 0.00, 300.00, 0.00, 0, '2015-09-01 04:20:39', '2015-09-01 04:20:50'),
(1020000013, 1010000010, 'C011', 0, 300.00, 0, 0.00, 300.00, 0.00, 0, '2015-09-01 04:22:24', '2015-09-01 04:22:33'),
(1020000014, 1010000011, 'C011', 0, 300.00, 0, 0.00, 300.00, 0.00, 0, '2015-09-01 04:25:46', '2015-09-01 04:25:58'),
(1020000015, 1010000012, 'C011', 0, 300.00, 0, 0.00, 300.00, 0.00, 0, '2015-09-01 04:27:28', '2015-09-01 04:27:38'),
(1020000016, 1010000013, 'C011', 0, 300.00, 0, 0.00, 300.00, 0.00, 0, '2015-09-01 04:29:23', '2015-09-01 04:29:32'),
(1020000017, 1010000014, 'C011', 0, 300.00, 0, 0.00, 300.00, 0.00, 0, '2015-09-01 05:19:59', '2015-09-01 05:21:20'),
(1020000018, 1010000015, 'C011', 0, 300.00, 0, 0.00, 300.00, 0.00, 0, '2015-09-01 20:08:52', '2015-09-01 20:09:23');

-- --------------------------------------------------------

--
-- โครงสร้างตาราง `receive`
--

CREATE TABLE IF NOT EXISTS `receive` (
  `receive_id` int(10) unsigned NOT NULL AUTO_INCREMENT,
  `ven_id` int(11) NOT NULL,
  `emp_id` int(11) NOT NULL,
  `order_id` int(11) NOT NULL,
  `receive_date` date NOT NULL,
  `receive_total` decimal(10,2) NOT NULL,
  `receive_status` enum('WAITING','CLOSE') COLLATE utf8_unicode_ci NOT NULL,
  `receive_comment` text COLLATE utf8_unicode_ci NOT NULL,
  `vat` enum('true','false') COLLATE utf8_unicode_ci NOT NULL,
  `vat_rate` int(11) NOT NULL,
  `branch_id` int(11) DEFAULT NULL,
  `created_at` timestamp NOT NULL DEFAULT '0000-00-00 00:00:00',
  `updated_at` timestamp NOT NULL DEFAULT '0000-00-00 00:00:00',
  PRIMARY KEY (`receive_id`)
) ENGINE=InnoDB  DEFAULT CHARSET=utf8 COLLATE=utf8_unicode_ci AUTO_INCREMENT=9 ;

--
-- dump ตาราง `receive`
--

INSERT INTO `receive` (`receive_id`, `ven_id`, `emp_id`, `order_id`, `receive_date`, `receive_total`, `receive_status`, `receive_comment`, `vat`, `vat_rate`, `branch_id`, `created_at`, `updated_at`) VALUES
(1, 123, 100000, 1, '2015-08-23', 1000.00, 'CLOSE', '', 'true', 0, 10, '2015-08-23 13:28:24', '2015-08-23 13:28:46'),
(2, 0, 100000, 0, '0000-00-00', 0.00, 'WAITING', '', 'true', 0, 10, '2015-08-23 13:28:46', '2015-08-23 13:28:46'),
(3, 123, 100000, 4, '2015-08-23', 5000.00, 'CLOSE', '', 'true', 0, 10, '2015-08-23 13:50:34', '2015-08-23 13:50:56'),
(4, 0, 100000, 0, '0000-00-00', 0.00, 'WAITING', '', 'true', 0, 10, '2015-08-23 13:50:57', '2015-08-23 13:50:57'),
(5, 1, 100014, 6, '2015-08-24', 30000.00, 'CLOSE', '', 'true', 0, 10, '2015-08-23 20:56:33', '2015-08-23 20:57:16'),
(6, 1, 100014, 6, '2015-08-24', 30000.00, 'CLOSE', '', 'true', 0, 10, '2015-08-23 20:57:16', '2015-08-23 22:03:52'),
(7, 1, 100014, 7, '2015-08-24', 30000.00, 'CLOSE', '', 'true', 0, 10, '2015-08-23 22:03:52', '2015-08-23 22:04:18'),
(8, 0, 100014, 0, '0000-00-00', 0.00, 'WAITING', '', 'true', 0, 10, '2015-08-23 22:04:18', '2015-08-23 22:04:18');

-- --------------------------------------------------------

--
-- โครงสร้างตาราง `receive_detail`
--

CREATE TABLE IF NOT EXISTS `receive_detail` (
  `receive_id` int(10) unsigned NOT NULL,
  `product_id` varchar(255) COLLATE utf8_unicode_ci NOT NULL,
  `receive_de_qty` int(11) NOT NULL,
  `receive_de_discount` int(11) NOT NULL,
  `receive_de_disamount` decimal(10,2) NOT NULL,
  `receive_de_price` decimal(10,2) NOT NULL,
  `product_exp` date NOT NULL,
  `created_at` timestamp NOT NULL DEFAULT '0000-00-00 00:00:00',
  `updated_at` timestamp NOT NULL DEFAULT '0000-00-00 00:00:00',
  PRIMARY KEY (`receive_id`,`product_id`)
) ENGINE=InnoDB DEFAULT CHARSET=utf8 COLLATE=utf8_unicode_ci;

--
-- dump ตาราง `receive_detail`
--

INSERT INTO `receive_detail` (`receive_id`, `product_id`, `receive_de_qty`, `receive_de_discount`, `receive_de_disamount`, `receive_de_price`, `product_exp`, `created_at`, `updated_at`) VALUES
(1, 'b011', 50, 0, 0.00, 20.00, '2015-08-23', '2015-08-23 13:28:33', '2015-08-23 13:28:33'),
(3, 'b011', 100, 0, 0.00, 50.00, '2015-08-23', '2015-08-23 13:50:48', '2015-08-23 13:50:48'),
(5, 'COM0001', 2, 0, 0.00, 15000.00, '2015-08-24', '2015-08-23 20:57:00', '2015-08-23 20:57:00'),
(6, 'COM0001', 2, 0, 0.00, 15000.00, '2015-08-24', '2015-08-23 22:03:30', '2015-08-23 22:03:30'),
(7, 'COM0001', 2, 0, 0.00, 15000.00, '2015-08-24', '2015-08-23 22:04:14', '2015-08-23 22:04:14');

-- --------------------------------------------------------

--
-- โครงสร้างตาราง `return`
--

CREATE TABLE IF NOT EXISTS `return` (
  `return_id` int(10) unsigned NOT NULL AUTO_INCREMENT,
  `ven_id` int(11) NOT NULL,
  `receive_id` int(11) NOT NULL,
  `emp_id` int(11) NOT NULL,
  `order_id` int(11) NOT NULL,
  `return_date` date NOT NULL,
  `return_status` enum('WAITING','CLOSE') COLLATE utf8_unicode_ci NOT NULL,
  `return_total` decimal(10,2) NOT NULL,
  `return_comment` text COLLATE utf8_unicode_ci NOT NULL,
  `branch_id` int(11) DEFAULT NULL,
  `created_at` timestamp NOT NULL DEFAULT '0000-00-00 00:00:00',
  `updated_at` timestamp NOT NULL DEFAULT '0000-00-00 00:00:00',
  PRIMARY KEY (`return_id`)
) ENGINE=InnoDB  DEFAULT CHARSET=utf8 COLLATE=utf8_unicode_ci AUTO_INCREMENT=2 ;

--
-- dump ตาราง `return`
--

INSERT INTO `return` (`return_id`, `ven_id`, `receive_id`, `emp_id`, `order_id`, `return_date`, `return_status`, `return_total`, `return_comment`, `branch_id`, `created_at`, `updated_at`) VALUES
(1, 1, 7, 100014, 7, '0000-00-00', 'WAITING', 0.00, '', 10, '2015-08-23 20:57:45', '2015-08-25 10:26:12');

-- --------------------------------------------------------

--
-- โครงสร้างตาราง `return_detail`
--

CREATE TABLE IF NOT EXISTS `return_detail` (
  `return_id` int(10) unsigned NOT NULL,
  `product_id` varchar(255) COLLATE utf8_unicode_ci NOT NULL,
  `return_de_qty` int(11) NOT NULL,
  `return_de_text` varchar(255) COLLATE utf8_unicode_ci NOT NULL,
  `return_de_discount` int(11) NOT NULL,
  `return_de_disamount` decimal(10,2) NOT NULL,
  `return_de_price` decimal(10,2) NOT NULL,
  `product_exp` date NOT NULL,
  `created_at` timestamp NOT NULL DEFAULT '0000-00-00 00:00:00',
  `updated_at` timestamp NOT NULL DEFAULT '0000-00-00 00:00:00',
  PRIMARY KEY (`return_id`,`product_id`)
) ENGINE=InnoDB DEFAULT CHARSET=utf8 COLLATE=utf8_unicode_ci;

-- --------------------------------------------------------

--
-- โครงสร้างตาราง `roles`
--

CREATE TABLE IF NOT EXISTS `roles` (
  `id` int(10) unsigned NOT NULL AUTO_INCREMENT,
  `name` varchar(255) COLLATE utf8_unicode_ci NOT NULL,
  `display_name` varchar(255) COLLATE utf8_unicode_ci DEFAULT NULL,
  `description` varchar(255) COLLATE utf8_unicode_ci DEFAULT NULL,
  `created_at` timestamp NOT NULL DEFAULT '0000-00-00 00:00:00',
  `updated_at` timestamp NOT NULL DEFAULT '0000-00-00 00:00:00',
  PRIMARY KEY (`id`),
  UNIQUE KEY `roles_name_unique` (`name`)
) ENGINE=InnoDB  DEFAULT CHARSET=utf8 COLLATE=utf8_unicode_ci AUTO_INCREMENT=100 ;

--
-- dump ตาราง `roles`
--

INSERT INTO `roles` (`id`, `name`, `display_name`, `description`, `created_at`, `updated_at`) VALUES
(1, 'Sale', 'พนักงานขาย', NULL, '2015-08-23 14:04:22', '2015-08-23 14:04:22'),
(2, 'PO', 'พนักงานสั่งซื้อสินค้า', NULL, '2015-08-23 14:04:22', '2015-08-23 14:04:22'),
(3, 'Stock', 'พนักงานจัดการสินค้า', NULL, '2015-08-23 14:04:22', '2015-08-23 14:04:22'),
(4, 'Doctor', 'แพทย์', NULL, '2015-08-23 14:04:22', '2015-08-23 14:04:22'),
(5, 'Manager', 'ผู้บริหาร', NULL, '2015-08-23 14:04:22', '2015-08-23 14:04:22'),
(6, 'Reception', 'พนักงานต้อนรับ', NULL, '2015-08-23 14:04:23', '2015-08-23 14:04:23'),
(7, 'Marketing', 'พนักงานการตลาด', NULL, '2015-08-23 14:04:23', '2015-08-23 14:04:23'),
(8, 'BT', 'ผู้ช่วย', NULL, '2015-08-23 14:04:22', '2015-08-23 14:04:22'),
(11, 'IT', 'พนักงานไอที', NULL, '2015-08-23 14:04:23', '2015-08-23 14:04:23'),
(95, 'super-admin', 'Super Admin', NULL, '2015-08-23 14:04:23', '2015-08-23 14:04:23'),
(99, 'root', 'Root', NULL, '2015-08-23 14:04:23', '2015-08-23 14:04:23');

-- --------------------------------------------------------

--
-- โครงสร้างตาราง `role_user`
--

CREATE TABLE IF NOT EXISTS `role_user` (
  `user_id` int(10) unsigned NOT NULL,
  `role_id` int(10) unsigned NOT NULL,
  PRIMARY KEY (`user_id`,`role_id`),
  KEY `role_user_role_id_foreign` (`role_id`)
) ENGINE=InnoDB DEFAULT CHARSET=utf8 COLLATE=utf8_unicode_ci;

--
-- dump ตาราง `role_user`
--

INSERT INTO `role_user` (`user_id`, `role_id`) VALUES
(100021, 6),
(100022, 6),
(100023, 6),
(100024, 6),
(100025, 6),
(100026, 6),
(100014, 95),
(100007, 99);

-- --------------------------------------------------------

--
-- โครงสร้างตาราง `sales`
--

CREATE TABLE IF NOT EXISTS `sales` (
  `sales_id` int(10) unsigned NOT NULL AUTO_INCREMENT,
  `emp_id` int(11) NOT NULL,
  `cus_id` int(11) NOT NULL,
  `sales_date` date NOT NULL,
  `sales_status` enum('WAITING','CLOSE') COLLATE utf8_unicode_ci NOT NULL,
  `sales_total` decimal(10,2) NOT NULL,
  `vat` enum('true','false') COLLATE utf8_unicode_ci NOT NULL,
  `vat_rate` int(11) NOT NULL,
  `branch_id` int(11) DEFAULT NULL,
  `created_at` timestamp NOT NULL DEFAULT '0000-00-00 00:00:00',
  `updated_at` timestamp NOT NULL DEFAULT '0000-00-00 00:00:00',
  PRIMARY KEY (`sales_id`)
) ENGINE=InnoDB  DEFAULT CHARSET=utf8 COLLATE=utf8_unicode_ci AUTO_INCREMENT=1030000002 ;

--
-- dump ตาราง `sales`
--

INSERT INTO `sales` (`sales_id`, `emp_id`, `cus_id`, `sales_date`, `sales_status`, `sales_total`, `vat`, `vat_rate`, `branch_id`, `created_at`, `updated_at`) VALUES
(1000000, 100000, 0, '0000-00-00', 'WAITING', 0.00, 'false', 7, 10, '2015-08-23 13:31:27', '2015-08-23 13:31:27'),
(1000001, 100016, 0, '0000-00-00', 'WAITING', 0.00, 'false', 7, 10, '2015-08-23 21:48:48', '2015-08-23 21:48:48'),
(1000002, 100007, 0, '0000-00-00', 'WAITING', 0.00, 'false', 7, 10, '2015-08-24 10:17:28', '2015-08-24 10:17:28'),
(1030000001, 100014, 0, '0000-00-00', 'WAITING', 0.00, 'false', 7, 10, '2015-08-25 01:13:13', '2015-08-25 01:13:13');

-- --------------------------------------------------------

--
-- โครงสร้างตาราง `sales_detail`
--

CREATE TABLE IF NOT EXISTS `sales_detail` (
  `sales_id` int(10) unsigned NOT NULL,
  `product_id` varchar(255) COLLATE utf8_unicode_ci NOT NULL,
  `sales_de_qty` int(11) NOT NULL,
  `sales_de_price` decimal(10,2) NOT NULL,
  `sales_de_discount` int(11) NOT NULL,
  `sales_de_disamount` decimal(10,2) NOT NULL,
  `sales_de_net_price` decimal(10,2) NOT NULL,
  `created_at` timestamp NOT NULL DEFAULT '0000-00-00 00:00:00',
  `updated_at` timestamp NOT NULL DEFAULT '0000-00-00 00:00:00',
  PRIMARY KEY (`sales_id`,`product_id`)
) ENGINE=InnoDB DEFAULT CHARSET=utf8 COLLATE=utf8_unicode_ci;

-- --------------------------------------------------------

--
-- โครงสร้างตาราง `sessions`
--

CREATE TABLE IF NOT EXISTS `sessions` (
  `id` varchar(255) COLLATE utf8_unicode_ci NOT NULL,
  `payload` text COLLATE utf8_unicode_ci NOT NULL,
  `last_activity` int(11) NOT NULL,
  UNIQUE KEY `sessions_id_unique` (`id`)
) ENGINE=InnoDB DEFAULT CHARSET=utf8 COLLATE=utf8_unicode_ci;

-- --------------------------------------------------------

--
-- โครงสร้างตาราง `setting`
--

CREATE TABLE IF NOT EXISTS `setting` (
  `setting_name` varchar(255) COLLATE utf8_unicode_ci NOT NULL,
  `value` varchar(255) COLLATE utf8_unicode_ci NOT NULL,
  UNIQUE KEY `setting_setting_name_unique` (`setting_name`)
) ENGINE=InnoDB DEFAULT CHARSET=utf8 COLLATE=utf8_unicode_ci;

--
-- dump ตาราง `setting`
--

INSERT INTO `setting` (`setting_name`, `value`) VALUES
('clinicName', 'TheRock'),
('commission_rate', '10'),
('customer_photo_limit', '5'),
('order_sell', 'FIFO'),
('product_day_expire', '30'),
('product_out_stock_can_treat', 'false'),
('vat_mode', 'false'),
('vat_rate', '7');

-- --------------------------------------------------------

--
-- โครงสร้างตาราง `system_logs`
--

CREATE TABLE IF NOT EXISTS `system_logs` (
  `logs_id` int(10) unsigned NOT NULL AUTO_INCREMENT,
  `emp_id` int(11) NOT NULL,
  `cus_id` int(11) NOT NULL,
  `logs_type` varchar(255) COLLATE utf8_unicode_ci NOT NULL,
  `logs_where` varchar(255) COLLATE utf8_unicode_ci NOT NULL,
  `description` varchar(255) COLLATE utf8_unicode_ci NOT NULL,
  `emp_id2` int(11) NOT NULL,
  `cus_id2` int(11) NOT NULL,
  `branch_id` int(11) NOT NULL,
  `created_at` timestamp NOT NULL DEFAULT '0000-00-00 00:00:00',
  `updated_at` timestamp NOT NULL DEFAULT '0000-00-00 00:00:00',
  PRIMARY KEY (`logs_id`)
) ENGINE=InnoDB  DEFAULT CHARSET=utf8 COLLATE=utf8_unicode_ci AUTO_INCREMENT=74 ;

--
-- dump ตาราง `system_logs`
--

INSERT INTO `system_logs` (`logs_id`, `emp_id`, `cus_id`, `logs_type`, `logs_where`, `description`, `emp_id2`, `cus_id2`, `branch_id`, `created_at`, `updated_at`) VALUES
(1, 0, 0, 'info', 'Auth', 'พนักงาน Username :Superadmin ได้เช้าสู่ระบบ', 0, 0, 101, '2015-08-24 00:10:11', '2015-08-24 00:10:11'),
(2, 0, 0, 'info', 'Auth', 'พนักงาน Username :superadmin ได้เช้าสู่ระบบ', 0, 0, 101, '2015-08-24 00:33:43', '2015-08-24 00:33:43'),
(3, 0, 0, 'info', 'Auth', 'พนักงาน Username :superadmin ได้เช้าสู่ระบบ', 0, 0, 101, '2015-08-24 01:56:16', '2015-08-24 01:56:16'),
(4, 0, 0, 'info', 'Auth', 'พนักงาน Username :superadmin ได้เช้าสู่ระบบ', 0, 0, 101, '2015-08-24 08:23:50', '2015-08-24 08:23:50'),
(5, 0, 0, 'info', 'Auth', 'พนักงาน Username :superadmin ได้เช้าสู่ระบบ', 0, 0, 101, '2015-08-24 08:35:46', '2015-08-24 08:35:46'),
(6, 0, 0, 'info', 'Auth', 'พนักงาน Username :root ได้เช้าสู่ระบบ', 0, 0, 101, '2015-08-24 08:52:00', '2015-08-24 08:52:00'),
(7, 0, 0, 'info', 'Auth', 'พนักงาน Username :root ได้เช้าสู่ระบบ', 0, 0, 101, '2015-08-24 10:08:23', '2015-08-24 10:08:23'),
(8, 0, 0, 'info', 'Auth', 'พนักงาน Username :root ได้เช้าสู่ระบบ', 0, 0, 10, '2015-08-24 10:09:15', '2015-08-24 10:09:15'),
(9, 0, 0, 'info', 'Auth', 'พนักงาน Username :superadmin ได้เช้าสู่ระบบ', 0, 0, 10, '2015-08-24 10:55:08', '2015-08-24 10:55:08'),
(10, 0, 0, 'info', 'Auth', 'พนักงาน Username :Superadmin ได้เช้าสู่ระบบ', 0, 0, 10, '2015-08-24 11:52:36', '2015-08-24 11:52:36'),
(11, 0, 0, 'info', 'Auth', 'พนักงาน Username :superadmin ได้เช้าสู่ระบบ', 0, 0, 10, '2015-08-24 19:03:21', '2015-08-24 19:03:21'),
(12, 0, 0, 'info', 'Auth', 'พนักงาน Username :Superadmin ได้เช้าสู่ระบบ', 0, 0, 10, '2015-08-24 22:56:53', '2015-08-24 22:56:53'),
(13, 0, 0, 'info', 'Auth', 'พนักงาน Username :superadmin ได้เช้าสู่ระบบ', 0, 0, 10, '2015-08-25 00:41:41', '2015-08-25 00:41:41'),
(14, 0, 0, 'info', 'Auth', 'พนักงาน Username :Root ได้เข้าสู่ระบบ', 0, 0, 10, '2015-08-25 08:00:00', '2015-08-25 08:00:00'),
(15, 0, 0, 'info', 'Auth', 'พนักงาน Username :superadmin ได้เข้าสู่ระบบ', 0, 0, 10, '2015-08-25 08:04:36', '2015-08-25 08:04:36'),
(16, 0, 0, 'info', 'Auth', 'พนักงาน Username :superadmin ได้เข้าสู่ระบบ', 0, 0, 10, '2015-08-25 08:21:46', '2015-08-25 08:21:46'),
(17, 0, 0, 'info', 'Auth', 'พนักงาน Username :root ได้เข้าสู่ระบบ', 0, 0, 10, '2015-08-25 10:04:31', '2015-08-25 10:04:31'),
(18, 0, 0, 'info', 'Auth', 'พนักงาน Username :test ได้เข้าสู่ระบบ', 0, 0, 10, '2015-08-25 10:29:25', '2015-08-25 10:29:25'),
(19, 0, 0, 'info', 'Auth', 'พนักงาน Username :superadmin ได้เข้าสู่ระบบ', 0, 0, 10, '2015-08-25 10:32:11', '2015-08-25 10:32:11'),
(20, 0, 0, 'info', 'Auth', 'พนักงาน Username :SuperAdmin ได้เข้าสู่ระบบ', 0, 0, 10, '2015-08-25 12:03:09', '2015-08-25 12:03:09'),
(21, 0, 0, 'info', 'Auth', 'พนักงาน Username :superadmin ได้เข้าสู่ระบบ', 0, 0, 10, '2015-08-25 19:54:53', '2015-08-25 19:54:53'),
(22, 0, 0, 'info', 'Auth', 'พนักงาน Username :Root ได้เข้าสู่ระบบ', 0, 0, 10, '2015-08-26 00:47:39', '2015-08-26 00:47:39'),
(23, 0, 0, 'info', 'Auth', 'พนักงาน Username :root ได้เข้าสู่ระบบ', 0, 0, 10, '2015-08-26 07:16:48', '2015-08-26 07:16:48'),
(24, 0, 0, 'info', 'Auth', 'พนักงาน Username :Superadmin ได้เข้าสู่ระบบ', 0, 0, 10, '2015-08-26 08:00:37', '2015-08-26 08:00:37'),
(25, 0, 0, 'info', 'Auth', 'พนักงาน Username :Test ได้เข้าสู่ระบบ', 0, 0, 10, '2015-08-26 08:02:13', '2015-08-26 08:02:13'),
(26, 0, 0, 'info', 'Auth', 'พนักงาน Username :Superadmin ได้เข้าสู่ระบบ', 0, 0, 10, '2015-08-26 08:03:29', '2015-08-26 08:03:29'),
(27, 0, 0, 'info', 'Auth', 'พนักงาน Username :superadmin ได้เข้าสู่ระบบ', 0, 0, 10, '2015-08-26 08:06:44', '2015-08-26 08:06:44'),
(28, 0, 0, 'info', 'Auth', 'พนักงาน Username :test ได้เข้าสู่ระบบ', 0, 0, 10, '2015-08-26 08:07:19', '2015-08-26 08:07:19'),
(29, 0, 0, 'info', 'Auth', 'พนักงาน Username :superadmin ได้เข้าสู่ระบบ', 0, 0, 10, '2015-08-26 08:08:16', '2015-08-26 08:08:16'),
(30, 0, 0, 'info', 'Auth', 'พนักงาน Username :root ได้เข้าสู่ระบบ', 0, 0, 10, '2015-08-26 21:16:16', '2015-08-26 21:16:16'),
(31, 0, 0, 'info', 'Auth', 'พนักงาน Username :Superadmin ได้เข้าสู่ระบบ', 0, 0, 10, '2015-08-28 00:16:41', '2015-08-28 00:16:41'),
(32, 0, 0, 'info', 'Auth', 'พนักงาน Username :root ได้เข้าสู่ระบบ', 0, 0, 10, '2015-08-28 20:52:02', '2015-08-28 20:52:02'),
(33, 0, 0, 'info', 'Auth', 'พนักงาน Username :Superadmin ได้เข้าสู่ระบบ', 0, 0, 10, '2015-08-29 03:36:29', '2015-08-29 03:36:29'),
(34, 0, 0, 'info', 'Auth', 'พนักงาน Username :Superadmin ได้เข้าสู่ระบบ', 0, 0, 10, '2015-08-30 02:26:39', '2015-08-30 02:26:39'),
(35, 0, 0, 'info', 'Auth', 'พนักงาน Username :superadmin ได้เข้าสู่ระบบ', 0, 0, 10, '2015-08-30 09:56:50', '2015-08-30 09:56:50'),
(36, 0, 0, 'info', 'Auth', 'พนักงาน Username :Superadmin ได้เข้าสู่ระบบ', 0, 0, 10, '2015-08-30 16:33:14', '2015-08-30 16:33:14'),
(37, 0, 0, 'info', 'Auth', 'พนักงาน Username :Superadmin ได้เข้าสู่ระบบ', 0, 0, 10, '2015-08-31 01:36:48', '2015-08-31 01:36:48'),
(38, 0, 0, 'info', 'Auth', 'พนักงาน Username :superadmin ได้เข้าสู่ระบบ', 0, 0, 10, '2015-08-31 02:41:40', '2015-08-31 02:41:40'),
(39, 0, 0, 'info', 'Auth', 'พนักงาน Username :Superadmin ได้เข้าสู่ระบบ', 0, 0, 10, '2015-08-31 03:04:46', '2015-08-31 03:04:46'),
(40, 0, 0, 'info', 'Auth', 'พนักงาน Username :superadmin ได้เข้าสู่ระบบ', 0, 0, 10, '2015-08-31 08:33:37', '2015-08-31 08:33:37'),
(41, 0, 0, 'info', 'Auth', 'พนักงาน Username :superadmin ได้เข้าสู่ระบบ', 0, 0, 10, '2015-08-31 08:37:01', '2015-08-31 08:37:01'),
(42, 0, 0, 'info', 'Auth', 'พนักงาน Username :superadmin ได้เข้าสู่ระบบ', 0, 0, 10, '2015-08-31 08:43:22', '2015-08-31 08:43:22'),
(43, 0, 0, 'info', 'Auth', 'พนักงาน Username :superadmin ได้เข้าสู่ระบบ', 0, 0, 10, '2015-08-31 08:51:20', '2015-08-31 08:51:20'),
(44, 0, 0, 'info', 'Auth', 'พนักงาน Username :superadmin ได้เข้าสู่ระบบ', 0, 0, 10, '2015-08-31 08:52:08', '2015-08-31 08:52:08'),
(45, 0, 0, 'info', 'Auth', 'พนักงาน Username :superadmin ได้เข้าสู่ระบบ', 0, 0, 10, '2015-08-31 09:01:10', '2015-08-31 09:01:10'),
(46, 0, 0, 'info', 'Auth', 'พนักงาน Username :superadmin ได้เข้าสู่ระบบ', 0, 0, 10, '2015-08-31 09:09:54', '2015-08-31 09:09:54'),
(47, 0, 0, 'info', 'Auth', 'พนักงาน Username :superadmin ได้เข้าสู่ระบบ', 0, 0, 10, '2015-08-31 09:10:45', '2015-08-31 09:10:45'),
(48, 0, 0, 'info', 'Auth', 'พนักงาน Username :superadmin ได้เข้าสู่ระบบ', 0, 0, 10, '2015-08-31 09:39:20', '2015-08-31 09:39:20'),
(49, 0, 0, 'info', 'Auth', 'พนักงาน Username :root ได้เข้าสู่ระบบ', 0, 0, 10, '2015-08-31 09:39:34', '2015-08-31 09:39:34'),
(50, 0, 0, 'info', 'Auth', 'พนักงาน Username :superadmin ได้เข้าสู่ระบบ', 0, 0, 10, '2015-08-31 20:16:13', '2015-08-31 20:16:13'),
(51, 0, 0, 'info', 'Auth', 'พนักงาน Username :superadmin ได้เข้าสู่ระบบ', 0, 0, 10, '2015-08-31 20:16:25', '2015-08-31 20:16:25'),
(52, 0, 0, 'info', 'Auth', 'พนักงาน Username :superadmin ได้เข้าสู่ระบบ', 0, 0, 10, '2015-08-31 20:17:38', '2015-08-31 20:17:38'),
(53, 0, 0, 'info', 'Auth', 'พนักงาน Username :superadmin ได้เข้าสู่ระบบ', 0, 0, 10, '2015-08-31 21:02:31', '2015-08-31 21:02:31'),
(54, 0, 0, 'info', 'Auth', 'พนักงาน Username :root ได้เข้าสู่ระบบ', 0, 0, 10, '2015-08-31 23:34:17', '2015-08-31 23:34:17'),
(55, 0, 0, 'info', 'Auth', 'พนักงาน Username :superadmin ได้เข้าสู่ระบบ', 0, 0, 10, '2015-08-31 23:34:29', '2015-08-31 23:34:29'),
(56, 0, 0, 'info', 'Auth', 'พนักงาน Username :root ได้เข้าสู่ระบบ', 0, 0, 10, '2015-08-31 23:39:13', '2015-08-31 23:39:13'),
(57, 0, 0, 'info', 'Auth', 'พนักงาน Username :superadmin ได้เข้าสู่ระบบ', 0, 0, 10, '2015-09-01 00:09:11', '2015-09-01 00:09:11'),
(58, 0, 0, 'info', 'Auth', 'พนักงาน Username :root ได้เข้าสู่ระบบ', 0, 0, 10, '2015-09-01 00:18:01', '2015-09-01 00:18:01'),
(59, 0, 0, 'info', 'Auth', 'พนักงาน Username :superadmin ได้เข้าสู่ระบบ', 0, 0, 10, '2015-09-01 00:59:20', '2015-09-01 00:59:20'),
(60, 0, 0, 'info', 'Auth', 'พนักงาน Username :superadmin ได้เข้าสู่ระบบ', 0, 0, 10, '2015-09-01 01:00:48', '2015-09-01 01:00:48'),
(61, 0, 0, 'info', 'Auth', 'พนักงาน Username :superadmin ได้เข้าสู่ระบบ', 0, 0, 10, '2015-09-01 01:01:44', '2015-09-01 01:01:44'),
(62, 0, 0, 'info', 'Auth', 'พนักงาน Username :superadmin ได้เข้าสู่ระบบ', 0, 0, 10, '2015-09-01 01:01:59', '2015-09-01 01:01:59'),
(63, 0, 0, 'info', 'Auth', 'พนักงาน Username :root ได้เข้าสู่ระบบ', 0, 0, 10, '2015-09-01 01:03:27', '2015-09-01 01:03:27'),
(64, 0, 0, 'info', 'Auth', 'พนักงาน Username :root ได้เข้าสู่ระบบ', 0, 0, 10, '2015-09-01 01:20:00', '2015-09-01 01:20:00'),
(65, 0, 0, 'info', 'Auth', 'พนักงาน Username :superadmin ได้เข้าสู่ระบบ', 0, 0, 10, '2015-09-01 02:53:38', '2015-09-01 02:53:38'),
(66, 0, 0, 'info', 'Auth', 'พนักงาน Username :superadmin ได้เข้าสู่ระบบ', 0, 0, 10, '2015-09-01 03:49:18', '2015-09-01 03:49:18'),
(67, 0, 0, 'info', 'Auth', 'พนักงาน Username :superadmin ได้เข้าสู่ระบบ', 0, 0, 10, '2015-09-01 03:54:38', '2015-09-01 03:54:38'),
(68, 0, 0, 'info', 'Auth', 'พนักงาน Username :superadmin ได้เข้าสู่ระบบ', 0, 0, 10, '2015-09-01 04:03:11', '2015-09-01 04:03:11'),
(69, 0, 0, 'info', 'Auth', 'พนักงาน Username :superadmin ได้เข้าสู่ระบบ', 0, 0, 10, '2015-09-01 05:18:53', '2015-09-01 05:18:53'),
(70, 0, 0, 'info', 'Auth', 'พนักงาน Username :superadmin ได้เข้าสู่ระบบ', 0, 0, 10, '2015-09-01 07:53:46', '2015-09-01 07:53:46'),
(71, 0, 0, 'info', 'Auth', 'พนักงาน Username :superadmin ได้เข้าสู่ระบบ', 0, 0, 10, '2015-09-01 19:42:34', '2015-09-01 19:42:34'),
(72, 0, 0, 'info', 'Auth', 'พนักงาน Username :superadmin ได้เข้าสู่ระบบ', 0, 0, 10, '2015-09-01 20:21:43', '2015-09-01 20:21:43'),
(73, 0, 0, 'info', 'Auth', 'พนักงาน Username :superadmin ได้เข้าสู่ระบบ', 0, 0, 10, '2015-09-01 22:21:42', '2015-09-01 22:21:42');

-- --------------------------------------------------------

--
-- โครงสร้างตาราง `treat_has_medicine`
--

CREATE TABLE IF NOT EXISTS `treat_has_medicine` (
  `treat_medicine_id` int(10) unsigned NOT NULL AUTO_INCREMENT,
  `treat_id` int(11) NOT NULL,
  `product_id` varchar(255) COLLATE utf8_unicode_ci NOT NULL,
  `qty` int(11) NOT NULL,
  `created_at` timestamp NOT NULL DEFAULT '0000-00-00 00:00:00',
  `updated_at` timestamp NOT NULL DEFAULT '0000-00-00 00:00:00',
  PRIMARY KEY (`treat_medicine_id`)
) ENGINE=InnoDB  DEFAULT CHARSET=utf8 COLLATE=utf8_unicode_ci AUTO_INCREMENT=3 ;

--
-- dump ตาราง `treat_has_medicine`
--

INSERT INTO `treat_has_medicine` (`treat_medicine_id`, `treat_id`, `product_id`, `qty`, `created_at`, `updated_at`) VALUES
(1, 1, 'b011', 20, '2015-08-23 13:28:57', '2015-08-23 13:28:57'),
(2, 2, 'b011', 20, '2015-08-23 13:51:16', '2015-08-23 13:51:16');

-- --------------------------------------------------------

--
-- โครงสร้างตาราง `treat_history`
--

CREATE TABLE IF NOT EXISTS `treat_history` (
  `treat_id` int(10) unsigned NOT NULL AUTO_INCREMENT,
  `course_id` varchar(255) COLLATE utf8_unicode_ci NOT NULL,
  `quo_id` int(11) NOT NULL,
  `emp_id` int(11) NOT NULL,
  `dr_id` int(11) NOT NULL,
  `dr_price` int(11) NOT NULL,
  `bt_user_id1` int(11) NOT NULL,
  `bt1_price` int(11) NOT NULL,
  `bt_user_id2` int(11) NOT NULL,
  `bt2_price` int(11) NOT NULL,
  `comment` text COLLATE utf8_unicode_ci NOT NULL,
  `treat_date` date NOT NULL,
  `branch_id` int(10) unsigned DEFAULT NULL,
  `created_at` timestamp NOT NULL DEFAULT '0000-00-00 00:00:00',
  `updated_at` timestamp NOT NULL DEFAULT '0000-00-00 00:00:00',
  PRIMARY KEY (`treat_id`)
) ENGINE=InnoDB  DEFAULT CHARSET=utf8 COLLATE=utf8_unicode_ci AUTO_INCREMENT=3 ;

--
-- dump ตาราง `treat_history`
--

INSERT INTO `treat_history` (`treat_id`, `course_id`, `quo_id`, `emp_id`, `dr_id`, `dr_price`, `bt_user_id1`, `bt1_price`, `bt_user_id2`, `bt2_price`, `comment`, `treat_date`, `branch_id`, `created_at`, `updated_at`) VALUES
(1, 'A001', 1000000, 100000, 100004, 0, 0, 0, 0, 0, '', '2015-08-23', 10, '2015-08-23 13:28:57', '2015-08-23 13:28:57'),
(2, 'A001', 1000002, 100000, 100004, 100, 100000, 100, 100001, 20, '', '2015-08-23', 10, '2015-08-23 13:51:16', '2015-08-23 13:51:16');

-- --------------------------------------------------------

--
-- โครงสร้างตาราง `users`
--

CREATE TABLE IF NOT EXISTS `users` (
  `id` int(10) unsigned NOT NULL AUTO_INCREMENT,
  `branch_id` int(11) NOT NULL,
  `position_id` int(11) NOT NULL,
  `username` varchar(255) COLLATE utf8_unicode_ci NOT NULL,
  `name` varchar(255) COLLATE utf8_unicode_ci NOT NULL,
  `tel` varchar(255) COLLATE utf8_unicode_ci NOT NULL,
  `sex` varchar(255) COLLATE utf8_unicode_ci NOT NULL,
  `email` varchar(255) COLLATE utf8_unicode_ci NOT NULL,
  `license` varchar(255) COLLATE utf8_unicode_ci NOT NULL,
  `password` varchar(60) COLLATE utf8_unicode_ci NOT NULL,
  `remember_token` varchar(100) COLLATE utf8_unicode_ci DEFAULT NULL,
  `created_at` timestamp NOT NULL DEFAULT '0000-00-00 00:00:00',
  `updated_at` timestamp NOT NULL DEFAULT '0000-00-00 00:00:00',
  PRIMARY KEY (`id`),
  UNIQUE KEY `users_email_unique` (`email`)
) ENGINE=InnoDB  DEFAULT CHARSET=utf8 COLLATE=utf8_unicode_ci AUTO_INCREMENT=100029 ;

--
-- dump ตาราง `users`
--

INSERT INTO `users` (`id`, `branch_id`, `position_id`, `username`, `name`, `tel`, `sex`, `email`, `license`, `password`, `remember_token`, `created_at`, `updated_at`) VALUES
(100007, 10, 99, 'root', 'root', '', '', 'admin@fiin.in.th', '', '$2y$10$7TBFRsdgUc8PONqBtZcs0.QRdG/KSbQ54m4wVwS8.4u0V879Q64yi', 'k9XzNsdlynnAJnlo8l04KOawEP52bl4EnGfvxCMEw9nyDvKbZDEzacayBB6S', '2015-08-23 14:04:24', '2015-09-01 01:19:52'),
(100014, 10, 95, 'superadmin', 'superadmin', '', '', 'superadmin@fiin.in.th', '', '$2y$10$lY8hpEMASlmXcL/FFrcMw.PsKDnBwsVHmrEfzeAKrpHoa.9OQwBtu', 'PLNffQtSa62fJfHSlMW6AcH2HEeqr2mYfZPdLDLTiYBGbEW23FrYr9MCfoay', '2015-08-23 14:04:25', '2015-09-01 20:26:17'),
(100021, 10, 6, 'Supattra', 'สุภัทรา เนื่ออ่อน', '0839051794', 'หญิง', 'supattra@siamloftclinic.com', '', '$2y$10$/utK6UO8/BBbxnQl6aJOlevD.doSwQz7Bm5Q9zde3gzAj2QTD2TKy', 'q3m61LKQgAPhbiGPiqUWwwIaD4L34IuXznZrrqjvKWNI7xk1W50y0AtJ3XWK', '2015-08-23 22:26:31', '2015-08-23 23:08:29'),
(100022, 10, 6, 'Tookta', 'ตุ๊กตา หินลาศ', '0957738706', 'หญิง', 'tookta@siamloftclinic.com', '', '$2y$10$UT2ACw/cmJBTW80qeCiaoOQa3BGufsw/UeNGzv18kwXK5vJ9bZYqq', 'YV7Dm3lkpk1v6ra3P8aJ3Xq8WBWzpQgwIEeCWFk3Z8UgzWXoAMOKn0eYpZZH', '2015-08-23 22:28:40', '2015-08-23 23:06:44'),
(100023, 10, 6, 'Thidarat', 'ธิดารัตน์ ลมฮือหวล', '0619855686', 'หญิง', 'thidarat@siamloftclinic.com', '', '$2y$10$Hjc4OiPyYELM2nPwwHxPseoIr.3mkEVS.Qxxv8iNVKk/uGrD0KHfu', NULL, '2015-08-23 22:31:46', '2015-08-23 22:31:46'),
(100024, 10, 6, 'Niphawan', 'นิภาวรรณ ขี้เหล็กสี', '0854134371', 'หญิง', 'niphawan@siamloftclinic.com', '', '$2y$10$NITxPt4wEqcvvpOKdSRo3uepbBppjjy/Qli6PnQvQvWCGEW12hm9S', '6lM67iMibbeh0OuCtxZS5YVqhnLduiHBW2otbQAutjv4Mo8AkKPXiAnrAJbi', '2015-08-23 22:36:11', '2015-08-23 22:38:31'),
(100025, 10, 6, 'Arrisa', 'อริสา สุรวิทย์', '08888888', 'หญิง', 'arrisa@siamloftclinic.com', '', '$2y$10$14.55UHv4T6DpvBvLCwDe.ahzZG00wD1WO3OUNMNSkfeWxatbhL/G', NULL, '2015-08-23 22:40:22', '2015-08-23 22:40:22'),
(100026, 10, 6, 'Rommani', 'รมย์มณี นันทโกสุม', '08888888', 'หญิง', 'rommani@siamloftclinic.com', '', '$2y$10$N1r.qvFk93KFWbkSu5kEseBb5ruA6lhDIlKi.GQoouZF0GCd2CiDG', NULL, '2015-08-23 22:41:37', '2015-08-23 22:41:37');

-- --------------------------------------------------------

--
-- โครงสร้างตาราง `vendor`
--

CREATE TABLE IF NOT EXISTS `vendor` (
  `ven_id` int(10) unsigned NOT NULL AUTO_INCREMENT,
  `ven_name` varchar(30) COLLATE utf8_unicode_ci NOT NULL,
  `ven_address` text COLLATE utf8_unicode_ci NOT NULL,
  `ven_sell_name` varchar(30) COLLATE utf8_unicode_ci NOT NULL,
  `ven_code` varchar(13) COLLATE utf8_unicode_ci NOT NULL,
  `ven_sell_tel` varchar(10) COLLATE utf8_unicode_ci NOT NULL,
  `ven_license` varchar(255) COLLATE utf8_unicode_ci NOT NULL,
  `ven_vat_enable` tinyint(1) NOT NULL,
  `created_at` timestamp NOT NULL DEFAULT '0000-00-00 00:00:00',
  `updated_at` timestamp NOT NULL DEFAULT '0000-00-00 00:00:00',
  PRIMARY KEY (`ven_id`)
) ENGINE=InnoDB DEFAULT CHARSET=utf8 COLLATE=utf8_unicode_ci AUTO_INCREMENT=1 ;

--
-- Constraints for dumped tables
--

--
-- Constraints for table `order_detail`
--
ALTER TABLE `order_detail`
  ADD CONSTRAINT `order_detail_order_id_foreign` FOREIGN KEY (`order_id`) REFERENCES `order` (`order_id`) ON DELETE CASCADE;

--
-- Constraints for table `payment_detail`
--
ALTER TABLE `payment_detail`
  ADD CONSTRAINT `payment_detail_payment_id_foreign` FOREIGN KEY (`payment_id`) REFERENCES `payment` (`payment_id`) ON DELETE CASCADE;

--
-- Constraints for table `permission_role`
--
ALTER TABLE `permission_role`
  ADD CONSTRAINT `permission_role_permission_id_foreign` FOREIGN KEY (`permission_id`) REFERENCES `permissions` (`id`) ON DELETE CASCADE ON UPDATE CASCADE,
  ADD CONSTRAINT `permission_role_role_id_foreign` FOREIGN KEY (`role_id`) REFERENCES `roles` (`id`) ON DELETE CASCADE ON UPDATE CASCADE;

--
-- Constraints for table `receive_detail`
--
ALTER TABLE `receive_detail`
  ADD CONSTRAINT `receive_detail_receive_id_foreign` FOREIGN KEY (`receive_id`) REFERENCES `receive` (`receive_id`) ON DELETE CASCADE;

--
-- Constraints for table `return_detail`
--
ALTER TABLE `return_detail`
  ADD CONSTRAINT `return_detail_return_id_foreign` FOREIGN KEY (`return_id`) REFERENCES `return` (`return_id`) ON DELETE CASCADE;

--
-- Constraints for table `role_user`
--
ALTER TABLE `role_user`
  ADD CONSTRAINT `role_user_role_id_foreign` FOREIGN KEY (`role_id`) REFERENCES `roles` (`id`) ON DELETE CASCADE ON UPDATE CASCADE,
  ADD CONSTRAINT `role_user_user_id_foreign` FOREIGN KEY (`user_id`) REFERENCES `users` (`id`) ON DELETE CASCADE ON UPDATE CASCADE;

--
-- Constraints for table `sales_detail`
--
ALTER TABLE `sales_detail`
  ADD CONSTRAINT `sales_detail_sales_id_foreign` FOREIGN KEY (`sales_id`) REFERENCES `sales` (`sales_id`) ON DELETE CASCADE;

/*!40101 SET CHARACTER_SET_CLIENT=@OLD_CHARACTER_SET_CLIENT */;
/*!40101 SET CHARACTER_SET_RESULTS=@OLD_CHARACTER_SET_RESULTS */;
/*!40101 SET COLLATION_CONNECTION=@OLD_COLLATION_CONNECTION */;
